"1JTREC";"1ª TURMA RECURSAL"
"1JTUR1";"PRIMEIRO GABINETE DA 1ª TURMA RECURSAL"
"1JTUR2";"SEGUNDO GABINETE DA 1ª TURMA RECURSAL"
"1JTUR3";"TERCEIRO GABINETE DA 1ª TURMA RECURSAL"
"1STREC";"SEC. 1ª TURMA RECURSAL"
"1STUR1";"SEC. DO PRIMEIRO GABINETE DA 1ª TURMA RECURSAL"
"1STUR2";"SEC. DO SEGUNDO GABINETE DA 1ª TURMA RECURSAL"
"1STUR3";"SEC. DO TERCEIRO GABINETE DA 1ª TURMA RECURSAL"
"2JTREC";"2ª TURMA RECURSAL"
"2JTUR1";"PRIMEIRO GABINETE DA 2ª TURMA RECURSAL"
"2JTUR2";"SEGUNDO GABINETE DA 2ª TURMA RECURSAL"
"2JTUR3";"TERCEIRO GABINETE DA 2ª TURMA RECURSAL"
"2STREC";"SEC. 2ª TURMA RECURSAL"
"2STUR1";"SEC. DO PRIMEIRO GABINETE DA 2ª TURMA RECURSAL"
"2STUR2";"SEC. DO SEGUNDO GABINETE DA 2ª TURMA RECURSAL"
"2STUR3";"SEC. DO TERCEIRO GABINETE DA 2ª TURMA RECURSAL"
"ASSADMP";"ASSESSORIA ADMINISTRATIVA DA PRESIDENCIA"
"BAIXA";"DIRETORIA JUDICIÁRIA - DIV. DE ANALISE DE BAIXA"
"CCI01";"SEC. DA 1ª CÂMARA CÍVEL"
"CCI02";"SEC. DA 2ª CÂMARA CÍVEL"
"CCR01";"SEC. DA 1ª CÂMARA CRIMINAL"
"CCR02";"SEC. DA 2ª CÂMARA CRIMINAL"
"CDIST";"SEC. DA COMISSÃO DE DISTRIBUIÇÃO E COORD."
"CEMAN";"CENTRAL DE MANDADOS"
"CIV01";"1ª CÂMARA CÍVEL"
"CIV02";"2ª CÂMARA CÍVEL"
"CJDOC";"COMISSÃO DE JURISPRUDÊNCIA E DOCUMENTAÇÃO"
"COJUN";"CONTADORIA JUDICIAL UNIFICADA"
"COMGESP";"COMITÊ GESTOR DE PRECATÓRIOS"
"CONTAD";"CONTADORIA 2º GRAU"
"COORD";"COMISSÃO DE DISTRIBUIÇÃO E COORD."
"CORRE";"CORREGEDORIA"
"DIFINAN";"DIRETORIA FINANCEIRA"
"DIGEP";"DIRETORIA DE GESTÃO DE PESSOAS"
"DIRGERALTJ";"DIRETORIA GERAL DO TJTO"
"DISTR";"DIRETORIA JUDICIÁRIA - DIV. DISTRIBUIÇÃO"
"DJPRES";"DIRETORIA JUDICIÁRIA - PRESIDÊNCIA"
"GAB01";"GAB. DA DESA. ANGELA PRUDENTE"
"GAB02";"GAB. DO DES. RONALDO EURIPEDES"
"GAB03";"GAB. DO DES. AMADO CILTON"
"GAB04";"GAB. DO DES. HELVÉCIO DE BRITO MAIA NETO"
"GAB05";"GAB. DO DES. JOAO RIGO GUIMARAES"
"GAB06";"GAB. DA DESA. MAYSA VENDRAMINI ROSAL"
"GAB07";"GAB. DO DES. MOURA FILHO"
"GAB08";"GAB. DO DES. LUIZ GADOTTI"
"GAB09";"GAB. DA DESA. JACQUELINE ADORNO"
"GAB10";"GAB. DA DESA. ETELVINA MARIA SAMPAIO FELIPE"
"GAB11";"GAB. DO DES. MARCO VILLAS BOAS"
"GAB12";"GAB. DO DES. EURÍPEDES LAMOUNIER"
"GABCORR";"GAB. CORREGEDORIA"
"JCCR01";"1ª CÂMARA CRIMINAL"
"JCCR02";"2ª CÂMARA CRIMINAL"
"JPLENA";"TRIBUNAL PLENO"
"JSRCON";"SEC. DE RECURSOS CONSTITUCIONAIS"
"JTCR01";"1ª TURMA DA 1ª CÂMARA CRIMINAL"
"JTCR02";"2ª TURMA DA 1ª CÂMARA CRIMINAL"
"JTCR03";"3ª TURMA DA 1ª CÂMARA CRIMINAL"
"JTCR04";"4ª TURMA DA 1ª CÂMARA CRIMINAL"
"JTCR05";"5ª TURMA DA 1ª CÂMARA CRIMINAL"
"JTCR06";"1ª TURMA DA 2ª CÂMARA CRIMINAL"
"JTCR07";"2ª TURMA DA 2ª CÂMARA CRIMINAL"
"JTCR08";"3ª TURMA DA 2ª CÂMARA CRIMINAL"
"JTCR09";"4ª TURMA DA 2ª CÂMARA CRIMINAL"
"JTCR10";"5ª TURMA DA 2ª CÂMARA CRIMINAL"
"JUIESTA";"JUIZO ESTADUAL"
"JUIFED1";"JUIZO FEDERAL 1ª REGIÃO"
"JUITRTD";"JUIZO TRT 10ª REGIÃO"
"NACOM";"NÚCLEO DE APOIO AS COMARCAS - NACOM"
"NURER";"NÚCLEO DE REPERCUSSÃO GERAL E RECURSOS REPETITIVOS"
"PLANT";"PLANTÃO DE 1ª INSTÂNCIA"
"PLE1CCI";"PLENÁRIO - 1ª CÂMARA CÍVEL"
"PLE1CCR";"PLENÁRIO - 1ª CÂMARA CRIMINAL"
"PLE1REC";"PLENÁRIO - 1ª TURMA RECURSAL"
"PLE2CCI";"PLENÁRIO - 2ª CÂMARA CÍVEL"
"PLE2CCR";"PLENÁRIO - 2ª CÂMARA CRIMINAL"
"PLE2REC";"PLENÁRIO - 2ª TURMA RECURSAL"
"PLECMAG";"PLENÁRIO - CONSELHO DA MAGISTRATURA"
"PLECROJ";"PLENÁRIO - COMISSÃO DE REGIMENTO E ORGANIZAÇÃO JUDICIÁRIA"
"PLENA";"PLENÁRIO - TRIBUNAL DE JUSTIÇA"
"PRECT";"SECRETARIA DE PRECATORIOS"
"PRESI";"PRESIDÊNCIA"
"PROTO";"DIRETORIA JUDICIÁRIA - DIV. DE PROTOCOLO"
"SCEMAN";"CENTRAL DE MANDADOS"
"SCORR";"SECRETARIA DA CORREGEDORIA"
"SCPLE";"SECRETARIA DO TRIBUNAL PLENO"
"SCPRE";"SECRETARIA DA PRESIDÊNCIA"
"SECCCMA";"SEC. DO CONSELHO DA MAGISTRATURA"
"SECCORC";"SEC. DA COMISSÃO DE ORÇAMENTO, FINANÇAS E PLANEJAMENTO"
"SECCREG";"SEC. DA COMISSÃO DE REGIMENTO E ORGANIZAÇÃO JUDICIÁRIA"
"SECCSEL";"SEC. DA COMISSÃO DE SELEÇÃO E TREINAMENTO"
"SECESTA";"COMITÊ GESTOR DE PRECATÓRIOS(SECRETARIA DO JUIZO ESTADUAL)"
"SECFED1";"COMITÊ GESTOR DE PRECATÓRIOS(SECRETARIA DO JUIZO FEDERAL 1ª REGIÃO)"
"SECTRTD";"COMITÊ GESTOR DE PRECATÓRIOS(SECRETARIA DO JUIZO TRT 10ª REGIÃO)"
"SGB01";"SEC. DO GAB. DA DESA. ANGELA PRUDENTE"
"SGB02";"SEC. DO GAB. DO DES. RONALDO EURIPEDES"
"SGB03";"SEC. DO GAB. DO DES. AMADO CILTON"
"SGB04";"SEC. DO GAB. DO DES. HELVÉCIO DE BRITO MAIA NETO"
"SGB05";"SEC. DO GAB. DO DES. JOAO RIGO GUIMARAES"
"SGB06";"SEC. DO GAB. DA DESA. MAYSA VENDRAMINI ROSAL"
"SGB07";"SEC. DO GAB. DO DES. MOURA FILHO"
"SGB08";"SEC. DO GAB. DO DES. LUIZ GADOTTI"
"SGB09";"SEC. DO GAB. DA DESA. JACQUELINE ADORNO"
"SGB10";"SEC. DO GAB. DA DESA. ETELVINA MARIA SAMPAIO FELIPE"
"SGB11";"SEC. DO GAB. DO DES. MARCO VILLAS BOAS"
"SGB12";"SEC. DO GAB. DO DES. EURÍPEDES LAMOUNIER"
"SRCON";"SEC. DE RECURSOS CONSTITUCIONAIS"
"STCR1";"SEC. 1ª TURMA DA 1ª CÂMARA CRIMINAL"
"STCR10";"SEC. 5ª TURMA DA 2ª CÂMARA CRIMINAL"
"STCR2";"SEC. 2ª TURMA DA 1ª CÂMARA CRIMINAL"
"STCR3";"SEC. 3ª TURMA DA 1ª CÂMARA CRIMINAL"
"STCR4";"SEC. 4ª TURMA DA 1ª CÂMARA CRIMINAL"
"STCR5";"SEC. 5ª TURMA DA 1ª CÂMARA CRIMINAL"
"STCR6";"SEC. 1ª TURMA DA 2ª CÂMARA CRIMINAL"
"STCR7";"SEC. 2ª TURMA DA 2ª CÂMARA CRIMINAL"
"STCR8";"SEC. 3ª TURMA DA 2ª CÂMARA CRIMINAL"
"STCR9";"SEC. 4ª TURMA DA 2ª CÂMARA CRIMINAL"
"STU01";"SEC. 1ª TURMA DA 1ª CÂMARA CÍVEL"
"STU02";"SEC. 2ª TURMA DA 1ª CÂMARA CÍVEL"
"STU03";"SEC. 3ª TURMA DA 1ª CÂMARA CÍVEL"
"STU04";"SEC. 4ª TURMA DA 1ª CÂMARA CÍVEL"
"STU05";"SEC. 5ª TURMA DA 1ª CÂMARA CÍVEL"
"STU06";"SEC. 1ª TURMA DA 2ª CÂMARA CÍVEL"
"STU07";"SEC. 2ª TURMA DA 2ª CÂMARA CÍVEL"
"STU08";"SEC. 3ª TURMA DA 2ª CÂMARA CÍVEL"
"STU09";"SEC. 4ª TURMA DA 2ª CÂMARA CÍVEL"
"STU10";"SEC. 5ª TURMA DA 2ª CÂMARA CÍVEL"
"SVICE";"SECRETARIA DA VICE PRESIDÊNCIA"
"TJTO";"2ª INSTÂNCIA DO TRIBUNAL DE JUSTIÇA DO TOCANTINS"
"TJTODIST";"DISTRIBUIÇÃO TJTO"
"TOALM1ECIV";"1ª Escrivania Cível de Almas"
"TOALM1ECIVJ";"Juízo da 1ª Escrivania Cível de Almas"
"TOALM1ECRI";"1ª Escrivania Criminal de Almas"
"TOALM1ECRIJ";"Juízo da 1ª Escrivania Criminal de Almas"
"TOALMCEMAN";"CENTRAL DE MANDADOS - ALMAS"
"TOALMCONT";"CONTADORIA - ALMAS"
"TOALMDIFO";"DIRETORIA FORO - ALMAS"
"TOALMPLANT";"PLANTÃO DE 1ª INSTÂNCIA - ALMAS"
"TOALMPROT";"PROTOCOLO/DISTRIBUIÇÃO - ALMAS"
"TOALV1ECIV";"1ª Escrivania Cível de Alvorada"
"TOALV1ECIVJ";"Juízo da 1ª Escrivania Cível de Alvorada"
"TOALV1ECRI";"1ª Escrivania Criminal de Alvorada"
"TOALV1ECRIJ";"Juízo da 1ª Escrivania Criminal de Alvorada"
"TOALVCEMAN";"CENTRAL DE MANDADOS - ALVORADA"
"TOALVCONT";"CONTADORIA - ALVORADA"
"TOALVDIFO";"DIRETORIA FORO - ALVORADA"
"TOALVPLAN";"PLANTÃO DE 1ª INSTÂNCIA - ALVORADA"
"TOALVPROT";"PROTOCOLO/DISTRIBUIÇÃO - ALVORADA"
"TOANA1ECIV";"1ª Escrivania Cível de Ananás"
"TOANA1ECIVJ";"Juízo da 1ª Escrivania Cível de Ananás"
"TOANA1ECRI";"1ª Escrivania Criminal de Ananás"
"TOANA1ECRIJ";"Juízo da 1ª Escrivania Criminal de Ananás"
"TOANACEMAN";"CENTRAL DE MANDADOS - ANANÁS"
"TOANACONT";"CONTADORIA - ANANÁS"
"TOANADIFO";"DIRETORIA FORO - ANANÁS"
"TOANAPLAN";"PLANTÃO DE 1ª INSTÂNCIA - ANANÁS"
"TOANAPROT";"PROTOCOLO/DISTRIBUIÇÃO - ANANÁS"
"TOARA1ECIV";"1ª Vara Cível de Araguaína"
"TOARA1ECIVJ";"Juízo da 1ª Vara Cível de Araguaína"
"TOARA1ECRI";"1ª Vara Criminal de Araguaína"
"TOARA1ECRIJ";"Juízo da 1ª Vara Criminal de Araguaína"
"TOARA1EFAM";"1ª Vara de Família e Sucessões de Araguaína"
"TOARA1EFAMJ";"Juizo da 1ª Vara de Família e Sucessões de Araguaína"
"TOARA1EFAZ";"1ª Vara da Fazenda e Registros Públicos de Araguaína"
"TOARA1EFAZJ";"Juizo da 1ª Vara da Fazenda e Registros Públicos de Araguaína"
"TOARA2ECIV";"2ª Vara Cível de Araguaína"
"TOARA2ECIVJ";"Juízo da 2ª Vara Cível de Araguaína"
"TOARA2ECRI";"2ª Vara Criminal e Execuções Penais de Araguaína"
"TOARA2ECRIJ";"Juízo da 2ª Vara Criminal e Execuções Penais de Araguaína"
"TOARA2EFAM";"2ª Vara de Família e Sucessões de Araguaína"
"TOARA2EFAMJ";"Juizo da 2ª Vara de Família e Sucessões de Araguaína"
"TOARA2EFAZ";"2ª Vara da Fazenda e Registros Públicos de Araguaína"
"TOARA2EFAZJ";"Juizo da 2ª Vara da Fazenda e Registros Públicos de Araguaína"
"TOARA3ECIV";"3ª Vara Cível de Araguaína"
"TOARA3ECIVJ";"Juizo da 3ª Vara Cível de Araguaína"
"TOARACEDIFO";"DIRETORIA FORO - ARAGUACEMA"
"TOARACEJUS";"CENTRO JUDICIÁRIO DE SOLUÇÃO DE CONFLITOS DE ARAGUAINA"
"TOARACEJUSC";"CENTRO JUDICIÁRIO DE SOLUÇÃO DE CONFLITOS PROCESSUAIS (CEJUSC) - ARAGUAINA"
"TOARACEMAN";"CENTRAL DE MANDADOS - ARAGUAÍNA"
"TOARACEPEMA";"CEPEMA - ARAGUAÍNA"
"TOARACONT";"CONTADORIA - ARAGUAÍNA"
"TOARADIFO";"DIRETORIA FORO - ARAGUAÍNA"
"TOARAEINFJ";"Juizado Especial da Infância e Juventude de Araguaína"
"TOARAEINFJJ";"Juizo do Juizado Especial da Infância e Juventude de Araguaína"
"TOARAEPREC";"Vara de Precatórias de Araguaína"
"TOARAEPRECJ";"Juizo da Vara de Precatórias de Araguaína"
"TOARAEVDOM";"Vara Especializada no Combate à Violência Contra a Mulher de Araguaína"
"TOARAEVDOMJ";"Juizo da Especializada no Combate à Violência Contra a Mulher de Araguaína"
"TOARAEXECF";"CENTRAL DE EXECUÇÕES FISCAIS - ARAGUAINA"
"TOARAEXMAN";"CENTRAL DE MANDADOS DE EXECUÇÃO - ARAGUAINA"
"TOARAGG";"GGEM - NÚCLEO ARAGUAÍNA"
"TOARAJECIV";"Juizado Especial Cível de Araguaína"
"TOARAJECIVJ";"Juizo do Juizado Especial Cível de Araguaína"
"TOARAJECRI";"Juizado Especial Criminal de Araguaína"
"TOARAJECRIJ";"Juizo do Juizado Especial Criminal de Araguaína"
"TOARAJUICJSC";"JUIZO DO CENTRO JUDICIÁRIO DE SOLUÇÃO DE CONFLITOS E CIDADANIA (CEJUSC) - ARAGUAINA"
"TOARAMJI";"EQUIPE MULTIDISCIPLINAR DO JUIZADO DA INFÂNCIA - ARAGUAINA"
"TOARAMVIO";"EQUIPE MULTIDISCIPLINAR - ARAGUAINA"
"TOARANAT";"NDS - ARAGUAÍNA"
"TOARAPLAN";"PLANTÃO DE 1ª INSTÂNCIA - ARAGUAÍNA"
"TOARAPROT";"PROTOCOLO/DISTRIBUIÇÃO - ARAGUAÍNA"
"TOARAREDE";"ESCRIVANIA EM REDE - ARAGUAÍNA"
"TOARASECCJSC";"CENTRO JUDICIÁRIO DE SOLUÇÃO DE CONFLITOS E CIDADANIA (CEJUSC) - ARAGUAINA"
"TOARE1ECIV";"1ª Escrivania Cível de Araguacema"
"TOARE1ECIVJ";"Juízo da 1ª Escrivania Cível de Araguacema"
"TOARE1ECRI";"1ª Escrivania Criminal de Araguacema"
"TOARE1ECRIJ";"Juízo da 1ª Escrivania Criminal de Araguacema"
"TOARECEMAN";"CENTRAL DE MANDADOS - ARAGUACEMA"
"TOARECONT";"CONTADORIA - ARAGUACEMA"
"TOAREPLAN";"PLANTÃO DE 1ª INSTÂNCIA - ARAGUACEMA"
"TOAREPROT";"PROTOCOLO/DISTRIBUIÇÃO - ARAGUACEMA"
"TOARI1ECIV";"1ª Vara Cível de Araguatins"
"TOARI1ECIVJ";"Juízo da 1ª Vara Cível de Araguatins"
"TOARI1ECRI";"1ª Vara Criminal de Araguatins"
"TOARI1ECRIJ";"Juízo da 1ª Vara Criminal de Araguatins"
"TOARI2ECIVJ";"Juizo da Escrivania de Família, Sucessões, Infância e Juventude de Araguatins"
"TOARI2ECRV";"Escrivania de Família, Sucessões, Infância e Juventude de Araguatins"
"TOARICEJUSC";"CENTRO JUDICIÁRIO DE SOLUÇÃO DE CONFLITOS PROCESSUAIS (CEJUSC) - ARAGUATINS"
"TOARICEMAN";"CENTRAL DE MANDADOS - ARAGUATINS"
"TOARICONT";"CONTADORIA - ARAGUATINS"
"TOARIDIFO";"DIRETORIA FORO - ARAGUATINS"
"TOARIJUICJSC";"JUIZO DO CENTRO JUDICIÁRIO DE SOLUÇÃO DE CONFLITOS E CIDADANIA(CEJUSC) - ARAGUATINS"
"TOARIPLAN";"PLANTÃO DE 1ª INSTÂNCIA - ARAGUATINS"
"TOARIPROT";"PROTOCOLO/DISTRIBUIÇÃO - ARAGUATINS"
"TOARISECCJSC";"CENTRO JUDICIÁRIO DE SOLUÇÃO DE CONFLITOS E CIDADANIA (CEJUSC) - ARAGUATINS"
"TOARO1ECIV";"1ª Escrivania Cível de Arapoema"
"TOARO1ECIVJ";"Juízo da 1ª Escrivania Cível de Arapoema"
"TOARO1ECRI";"1ª Escrivania Criminal de Arapoema"
"TOARO1ECRIJ";"Juízo da 1ª Escrivania Criminal de Arapoema"
"TOAROCEMAN";"CENTRAL DE MANDADOS - ARAPOEMA"
"TOAROCONT";"CONTADORIA - ARAPOEMA"
"TOARODIFO";"DIRETORIA FORO - ARAPOEMA"
"TOAROPLAN";"PLANTÃO DE 1ª INSTÂNCIA - ARAPOEMA"
"TOAROPROT";"PROTOCOLO/DISTRIBUIÇÃO - ARAPOEMA"
"TOARR1ECIV";"1ª Vara Cível de Arraias"
"TOARR1ECIVJ";"Juízo da 1ª Vara Cível de Arraias"
"TOARR1ECRI";"1ª Vara Criminal de Arraias"
"TOARR1ECRIJ";"Juízo da 1ª Vara Criminal de Arraias"
"TOARRCEJUSC";"CENTRO JUDICIÁRIO DE SOLUÇÃO DE CONFLITOS PROCESSUAIS (CEJUSC) - ARRAIAS"
"TOARRCEMAN";"CENTRAL DE MANDADOS - ARRAIAS"
"TOARRCONT";"CONTADORIA - ARRAIAS"
"TOARRDIFO";"DIRETORIA FORO - ARRAIAS"
"TOARRJUICJSC";"JUIZO DO CENTRO JUDICIÁRIO DE SOLUÇÃO DE CONFLITOS E CIDADANIA(CEJUSC) - ARRAIAS"
"TOARRPLAN";"PLANTÃO DE 1ª INSTÂNCIA - ARRAIAS"
"TOARRPROT";"PROTOCOLO/DISTRIBUIÇÃO - ARRAIAS"
"TOARRSECCJSC";"CENTRO JUDICIÁRIO DE SOLUÇÃO DE CONFLITOS E CIDADANIA (CEJUSC) - ARRAIAS"
"TOARU1ECIV";"1ª Escrivania Cível de Araguaçu"
"TOARU1ECIVJ";"Juízo da 1ª Escrivania Cível de Araguaçu"
"TOARU1ECRI";"1ª Escrivania Criminal de Araguaçu"
"TOARU1ECRIJ";"Juízo da 1ª Escrivania Criminal de Araguaçu"
"TOARUCEMAN";"CENTRAL DE MANDADOS - ARAGUAÇU"
"TOARUCONT";"CONTADORIA - ARAGUAÇU"
"TOARUDIFO";"DIRETORIA FORO - ARAGUAÇU"
"TOARUPLAN";"PLANTÃO DE 1ª INSTÂNCIA - ARAGUAÇU"
"TOARUPROT";"PROTOCOLO/DISTRIBUIÇÃO - ARAGUAÇU"
"TOATODIFO";"DIRETORIA FORO - AURORA DO TOCANTINS"
"TOAUG1ECIV";"1ª Escrivania Cível de Augustinopolis"
"TOAUG1ECIVJ";"Juízo da 1ª Escrivania Cível de Augustinopolis"
"TOAUG1ECRI";"1ª Escrivania Criminal de Augustinopolis"
"TOAUG1ECRIJ";"Juízo da 1ª Escrivania Criminal de Augustinopolis"
"TOAUG2ECIV";"2ª Escrivania Cível de Augustinopolis"
"TOAUG2ECIVJ";"Juízo da 2ª Escrivania Cível de Augustinopolis"
"TOAUGCEJUSC";"CENTRO JUDICIÁRIO DE SOLUÇÃO DE CONFLITOS PROCESSUAIS (CEJUSC) - AUGUSTINÓPOLIS"
"TOAUGCEMAN";"CENTRAL DE MANDADOS - AUGUSTINOPOLIS"
"TOAUGCONT";"CONTADORIA - AUGUSTINOPOLIS"
"TOAUGDIFO";"DIRETORIA FORO - AUGUSTINOPOLIS"
"TOAUGJUICJSC";"JUIZO DO CENTRO JUDICIÁRIO DE SOLUÇÃO DE CONFLITOS E CIDADANIA(CEJUSC)- AUGUSTINÓPOLIS"
"TOAUGPLAN";"PLANTÃO DE 1ª INSTÂNCIA - AUGUSTINOPOLIS"
"TOAUGPROT";"PROTOCOLO/DISTRIBUIÇÃO - AUGUSTINOPOLIS"
"TOAUGREDE";"ESCRIVANIA EM REDE - AUGUSTINOPOLIS"
"TOAUGSECCJSC";"CENTRO JUDICIÁRIO DE SOLUÇÃO DE CONFLITOS E CIDADANIA (CEJUSC) - AUGUSTINÓPOLIS"
"TOAUR1ECIV";"1ª Escrivania Cível de Aurora"
"TOAUR1ECIVJ";"Juízo da 1ª Escrivania Cível de Aurora"
"TOAUR1ECRI";"1ª Escrivania Criminal de Aurora"
"TOAUR1ECRIJ";"Juízo da 1ª Escrivania Criminal de Aurora"
"TOAURCEMAN";"CENTRAL DE MANDADOS - AURORA DO TOCANTINS"
"TOAURCONT";"CONTADORIA - AURORA DO TOCANTINS"
"TOAURPLANT";"PLANTÃO DE 1ª INSTÂNCIA - AURORA"
"TOAURPROT";"PROTOCOLO/DISTRIBUIÇÃO - AURORA DO TOCANTINS"
"TOAXI1ECIV";"1ª Escrivania Cível de Axixa"
"TOAXI1ECIVJ";"Juízo da 1ª Escrivania Cível de Axixa"
"TOAXI1ECRI";"1ª Escrivania Criminal de Axixa"
"TOAXI1ECRIJ";"Juízo da 1ª Escrivania Criminal de Axixa"
"TOAXICEMAN";"CENTRAL DE MANDADOS - AXIXA"
"TOAXICONT";"CONTADORIA - AXIXA"
"TOAXIDIFO";"DIRETORIA FORO - AXIXA"
"TOAXIPLAN";"PLANTÃO DE 1ª INSTÂNCIA - AXIXA"
"TOAXIPROT";"PROTOCOLO/DISTRIBUIÇÃO - AXIXA"
"TOCNJMUTI";"CNJ - MUTIRÃO"
"TOCOL1ECIV";"1ª Vara Cível de Colinas do Tocantins"
"TOCOL1ECIVJ";"Juízo da 1ª Vara Cível de Colinas do Tocantins"
"TOCOL1ECRI";"1ª Vara Criminal de Colinas do Tocantins"
"TOCOL1ECRIJ";"Juízo da 1ª Vara Criminal de Colinas do Tocantins"
"TOCOL1EFAM";"1ª Vara de Família Sucessões, Inf e Juventude de Colinas do Tocantins"
"TOCOL1EFAMJ";"Juízo da Vara de Família Sucessões, Inf e Juventude de Colinas do Tocantins"
"TOCOL2ECIV";"2ª Vara Cível de Colinas do Tocantins"
"TOCOL2ECIVJ";"Juízo da 2ª Vara Cível de Colinas do Tocantins"
"TOCOLCEJUSC";"CENTRO JUDICIÁRIO DE SOLUÇÃO DE CONFLITOS PROCESSUAIS (CEJUSC) - COLINAS"
"TOCOLCEMAN";"CENTRAL DE MANDADOS - COLINAS DO TOCANTINS"
"TOCOLCONT";"CONTADORIA - COLINAS DO TOCANTINS"
"TOCOLDIFO";"DIRETORIA FORO - COLINAS DO TOCANTINS"
"TOCOLGG";"GGEM - NÚCLEO COLINAS"
"TOCOLJECRC";"Juizado Especial Criminal de Colinas do Tocantins"
"TOCOLJECRCJ";"Juízo do Juizado Especial Criminal de Colinas do Tocantins"
"TOCOLJUCCR";"Juizado Especial Cível de Colinas do Tocantins"
"TOCOLJUCCRJ";"Juízo do Juizado Especial Cível de Colinas do Tocantins"
"TOCOLJUICJSC";"JUIZO DO CENTRO JUDICIÁRIO DE SOLUÇÃO DE CONFLITOS E CIDADANIA (CEJUSC) - COLINAS"
"TOCOLPLAN";"PLANTÃO DE 1ª INSTÂNCIA - COLINAS DO TOCANTINS"
"TOCOLPROT";"PROTOCOLO/DISTRIBUIÇÃO - COLINAS DO TOCANTINS"
"TOCOLSECCJSC";"CENTRO JUDICIÁRIO DE SOLUÇÃO DE CONFLITOS E CIDADANIA (CEJUSC) - COLINAS"
"TOCOM1ECIV";"1ª Escrivania Cível de Colméia"
"TOCOM1ECIVJ";"Juízo da 1ª Escrivania Cível de Colméia"
"TOCOM1ECRI";"1ª Escrivania Criminal de Colméia"
"TOCOM1ECRIJ";"Juízo da 1ª Escrivania Criminal de Colméia"
"TOCOM2ECIV";"2ª Escrivania Cível de Colméia"
"TOCOM2ECIVJ";"Juízo da 2ª Escrivania Cível de Colméia"
"TOCOMCEMAN";"CENTRAL DE MANDADOS - COLMÉIA"
"TOCOMCONT";"CONTADORIA - COLMÉIA"
"TOCOMDIFO";"DIRETORIA FORO - COLMÉIA"
"TOCOMPLAN";"PLANTÃO DE 1ª INSTÂNCIA - COLMÉIA"
"TOCOMPROT";"PROTOCOLO/DISTRIBUIÇÃO - COLMÉIA"
"TOCONCILI";"CENTRAL DE CONCILIAÇÃO - PALMAS"
"TOCRI1ECIV";"1ª Escrivania Cível de Cristalândia"
"TOCRI1ECIVJ";"Juízo da 1ª Escrivania Cível de Cristalândia"
"TOCRI1ECRI";"1ª Escrivania Criminal de Cristalândia"
"TOCRI1ECRIJ";"Juízo da 1ª Escrivania Criminal de Cristalândia"
"TOCRICEMAN";"CENTRAL DE MANDADOS - CRISTALÂNDIA"
"TOCRICONT";"CONTADORIA - CRISTALÂNDIA"
"TOCRIDIFO";"DIRETORIA FORO - CRISTALÂNDIA"
"TOCRIPLAN";"PLANTÃO DE 1ª INSTÂNCIA - CRISTALÂNDIA"
"TOCRSPROT";"PROTOCOLO/DISTRIBUIÇÃO - CRISTALÂNDIA"
"TODIA1ECIV";"1ª Vara Cível de Dianópolis"
"TODIA1ECIVJ";"Juízo da 1ª Vara Cível de Dianópolis"
"TODIA1ECRI";"1ª Vara Criminal de Dianópolis"
"TODIA1ECRIJ";"Juízo da 1ª Vara Criminal de Dianópolis"
"TODIACEJUSC";"CENTRO JUDICIÁRIO DE SOLUÇÃO DE CONFLITOS PROCESSUAIS (CEJUSC) - DIANÓPOLIS"
"TODIACEMAN";"CENTRAL DE MANDADOS - DIANÓPOLIS"
"TODIACONT";"CONTADORIA - DIANÓPOLIS"
"TODIADIFO";"DIRETORIA FORO - DIANÓPOLIS"
"TODIAEXECF";"CENTRAL DE EXECUÇÕES FISCAIS - DIANÓPOLIS"
"TODIAGG";"GGEM - NÚCLEO DIANÓPOLIS"
"TODIAJECCR";"Juizado Especial Cível de Dianópolis"
"TODIAJECCRJ";"Juízo do Juizado Especial Cível de Dianópolis"
"TODIAJECRC";"Juizado Especial Criminal de Dianópolis"
"TODIAJECRCJ";"Juízo do Juizado Especial Criminal de Dianópolis"
"TODIAJUICJSC";"JUIZO DO CENTRO JUDICIÁRIO DE SOLUÇÃO DE CONFLITOS E CIDADANIA(CEJUSC) - DIANÓPOLIS"
"TODIAMULT";"EQUIPE MULTIDISCIPLINAR - DIANÓPOLIS"
"TODIAPLAN";"PLANTÃO DE 1ª INSTÂNCIA - DIANÓPOLIS"
"TODIAPROT";"PROTOCOLO/DISTRIBUIÇÃO - DIANÓPOLIS"
"TODIASECCJSC";"CENTRO JUDICIÁRIO DE SOLUÇÃO DE CONFLITOS E CIDADANIA (CEJUSC) - DIANÓPOLIS"
"TOFIG1ECIV";"1ª Escrivania Cível de Figueirópolis"
"TOFIG1ECIVJ";"Juízo da 1ª Escrivania Cível de Figueirópolis"
"TOFIG1ECRI";"1ª Escrivania Criminal de Figueirópolis"
"TOFIG1ECRIJ";"Juízo da 1ª Escrivania Criminal de Figueirópolis"
"TOFIGCEMAN";"CENTRAL DE MANDADOS - FIGUEIROPOLIS"
"TOFIGCONT";"CONTADORIA - FIGUEIROPOLIS"
"TOFIGDIFO";"DIRETORIA FORO - FIGUEIROPOLIS"
"TOFIGPLANT";"PLANTÃO DE 1ª INSTÂNCIA - FIGUERÓPOLIS"
"TOFIGPROT";"PROTOCOLO/DISTRIBUIÇÃO - FIGUEIROPOLIS"
"TOFIL1ECIV";"1ª Escrivania Cível de Filadélfia"
"TOFIL1ECIVJ";"Juízo da 1ª Escrivania Cível de Filadélfia"
"TOFIL1ECRI";"1ª Escrivania Criminal de Filadélfia"
"TOFIL1ECRIJ";"Juízo da 1ª Escrivania Criminal de Filadélfia"
"TOFILCEMAN";"CENTRAL DE MANDADOS - FILADÉLFIA"
"TOFILCONT";"CONTADORIA - FILADÉLFIA"
"TOFILDIFO";"DIRETORIA FORO - FILADÉLFIA"
"TOFILPLAN";"PLANTÃO DE 1ª INSTÂNCIA - FILADÉLFIA"
"TOFILPROT";"PROTOCOLO/DISTRIBUIÇÃO - FILADÉLFIA"
"TOFOR1ECIV";"1ª Escrivania Cível de Formoso do Araguaia"
"TOFOR1ECIVJ";"Juízo da 1ª Escrivania Cível de Formoso do Araguaia"
"TOFOR1ECRI";"1ª Escrivania Criminal de Formoso do Araguaia"
"TOFOR1ECRIJ";"Juízo da 1ª Escrivania Criminal de Formoso do Araguaia"
"TOFOR2ECIV";"2ª Escrivania Cível de Formoso do Araguaia"
"TOFOR2ECIVJ";"Juízo da 2ª Escrivania Cível de Formoso do Araguaia"
"TOFORCEMAN";"CENTRAL DE MANDADOS - FORMOSO DO ARAGUAIA"
"TOFORCONT";"CONTADORIA - FORMOSO DO ARAGUAIA"
"TOFORDIFO";"DIRETORIA FORO - FORMOSO DO ARAGUAIA"
"TOFORPLAN";"PLANTÃO DE 1ª INSTÂNCIA - FORMOSO DO ARAGUAIA"
"TOFORPROT";"PROTOCOLO/DISTRIBUIÇÃO - FORMOSO DO ARAGUAIA"
"TOGOI1ECIV";"1ª Escrivania Cível de Goiatins"
"TOGOI1ECIVJ";"Juízo da 1ª Escrivania Cível de Goiatins"
"TOGOI1ECRI";"1ª Escrivania Criminal de Goiatins"
"TOGOI1ECRIJ";"Juízo da 1ª Escrivania Criminal de Goiatins"
"TOGOICEMAN";"CENTRAL DE MANDADOS - GOIATINS"
"TOGOICONT";"CONTADORIA - GOIATINS"
"TOGOIDIFO";"DIRETORIA FORO - GOIATINS"
"TOGOIPLAN";"PLANTÃO DE 1ª INSTÂNCIA - GOIATINS"
"TOGOIPROT";"PROTOCOLO/DISTRIBUIÇÃO - GOIATINS"
"TOGUA1ECIV";"1ª Vara Cível de Guaraí"
"TOGUA1ECIVJ";"Juízo da 1ª Vara Cível de Guaraí"
"TOGUA1ECRI";"1ª Vara Criminal de Guaraí"
"TOGUA1ECRIJ";"Juízo da 1ª Vara Criminal de Guaraí"
"TOGUA2ECIV";"2ª Vara Cível, Família e Sucessões Inf. e Juvent. de Guaraí"
"TOGUA2ECIVJ";"Juizo da 2ª Vara Cível, Família e Sucessões Inf. e Juvent. de Guaraí"
"TOGUACEJUSC";"CENTRO JUDICIÁRIO DE SOLUÇÃO DE CONFLITOS PROCESSUAIS (CEJUSC) - GUARAÍ"
"TOGUACEMAN";"CENTRAL DE MANDADOS - GUARAÍ"
"TOGUACONT";"CONTADORIA - GUARAÍ"
"TOGUADIFO";"DIRETORIA FORO - GUARAÍ"
"TOGUAJECCR";"Juizado Especial Cível de Guaraí"
"TOGUAJECCRJ";"Juízo do Juizado Especial Cível de Guaraí"
"TOGUAJECRC";"Juizado Especial Criminal de Guaraí"
"TOGUAJECRCJ";"Juízo do Juizado Especial Criminal de Guaraí"
"TOGUAJUICJSC";"JUIZO DO CENTRO JUDICIÁRIO DE SOLUÇÃO DE CONFLITOS E CIDADANIA(CEJUSC) - GUARAÍ"
"TOGUAPLAN";"PLANTÃO DE 1ª INSTÂNCIA - GUARAÍ"
"TOGUAPROT";"PROTOCOLO/DISTRIBUIÇÃO - GUARAÍ"
"TOGUASECCJSC";"CENTRO JUDICIÁRIO DE SOLUÇÃO DE CONFLITOS E CIDADANIA (CEJUSC) - GUARAÍ"
"TOGUR1ECIV";"1ª Vara Cível de Gurupi"
"TOGUR1ECIVJ";"Juízo da 1ª Vara Cível de Gurupi"
"TOGUR1ECRI";"1ª Vara Criminal de Gurupi"
"TOGUR1ECRIJ";"Juízo da 1ª Vara Criminal de Gurupi"
"TOGUR1EFAM";"1ª Vara de Família e Sucessões de Gurupi"
"TOGUR1EFAMJ";"Juizo da 1ª Vara de Família e Sucessões de Gurupi"
"TOGUR1EFAZ";"1ª Vara da Fazenda e Registros Públicos de Gurupi"
"TOGUR1EFAZJ";"Juizo da 1ª Vara da Fazenda e Registros Públicos de Gurupi"
"TOGUR2ECIV";"2ª Vara Cível de Gurupi"
"TOGUR2ECIVJ";"Juízo da 2ª Vara Cível de Gurupi"
"TOGUR2ECRI";"2ª Vara Criminal de Gurupi"
"TOGUR2ECRIJ";"Juízo da 2ª Vara Criminal de Gurupi"
"TOGUR3ECIV";"3ª Vara Cível de Gurupi"
"TOGUR3ECIVJ";"Juizo da 3ª Vara Cível de Gurupi"
"TOGUR3ECRI";"Vara de Execuções Penais de Gurupi"
"TOGUR3ECRIJ";"Juízo da Vara de Execuções Penais de Gurupi"
"TOGURANEX";"CENTRAL DE EXECUÇÕES FISCAIS - GURUPI"
"TOGURCEJUSC";"CENTRO JUDICIÁRIO DE SOLUÇÃO DE CONFLITOS PROCESSUAIS (CEJUSC) - GURUPI"
"TOGURCEMAN";"CENTRAL DE MANDADOS - GURUPI"
"TOGURCONT";"CONTADORIA - GURUPI"
"TOGURCPMA";"CEPEMA - GURUPI"
"TOGURDIFO";"DIRETORIA FORO - GURUPI"
"TOGUREINFJ";"Juizado Especial da Infância e Juventude de Gurupi"
"TOGUREINFJJ";"Juizo do Juizado Especial da Infância e Juventude de Gurupi"
"TOGUREPREC";"Vara de Precatórias de Gurupi"
"TOGUREPRECJ";"Juizo da Vara de Precatórias de Gurupi"
"TOGUREVDOM";"Vara Especializada no Combate à Violência Contra a Mulher de Gurupi"
"TOGUREVDOMJ";"Juizo da Especializada no Combate à Violência Contra a Mulher de Gurupi"
"TOGURGG";"GGEM - NÚCLEO GURUPI"
"TOGURINFMULT";"EQUIPE MULTIDISCIPLINAR DA INFÂNCIA - GURUPI"
"TOGURJECIV";"Juizado Especial Cível de Gurupi"
"TOGURJECIVJ";"Juizo do Juizado Especial Cível de Gurupi"
"TOGURJECRI";"Juizado Especial Criminal de Gurupi"
"TOGURJECRIJ";"Juizo do Juizado Especial Criminal de Gurupi"
"TOGURJUICJSC";"JUIZO DO CENTRO JUDICIÁRIO DE SOLUÇÃO DE CONFLITOS E CIDADANIA (CEJUSC) - GURUPI"
"TOGURMULT";"EQUIPE MULTIDISCIPLINAR - GURUPI"
"TOGURPLAN";"PLANTÃO DE 1ª INSTÂNCIA - GURUPI"
"TOGURPROT";"PROTOCOLO/DISTRIBUIÇÃO - GURUPI"
"TOGURSECCJSC";"CENTRO JUDICIÁRIO DE SOLUÇÃO DE CONFLITOS E CIDADANIA (CEJUSC) - GURUPI"
"TOITA1ECIV";"1ª Escrivania Cível de Itacajá"
"TOITA1ECIVJ";"Juízo da 1ª Escrivania Cível de Itacajá"
"TOITA1ECRI";"1ª Escrivania Criminal de Itacajá"
"TOITA1ECRIJ";"Juízo da 1ª Escrivania Criminal de Itacajá"
"TOITACEMAN";"CENTRAL DE MANDADOS - ITACAJÁ"
"TOITACONT";"CONTADORIA - ITACAJÁ"
"TOITADIFO";"DIRETORIA FORO - ITACAJÁ"
"TOITAPLANT";"PLANTÃO DE 1ª INSTÂNCIA - ITACAJÁ"
"TOITAPROT";"PROTOCOLO/DISTRIBUIÇÃO - ITACAJÁ"
"TOITG1ECIV";"1ª Escrivania Cível de Itaguatins"
"TOITG1ECIVJ";"Juízo da 1ª Escrivania Cível de Itaguatins"
"TOITG1ECRI";"1ª Escrivania Criminal de Itaguatins"
"TOITG1ECRIJ";"Juízo da 1ª Escrivania Criminal de Itaguatins"
"TOITGCEMAN";"CENTRAL DE MANDADOS - ITAGUATINS"
"TOITGCONT";"CONTADORIA - ITAGUATINS"
"TOITGDIFO";"DIRETORIA FORO - ITAGUATINS"
"TOITGPLAN";"PLANTÃO DE 1ª INSTÂNCIA - ITAGUATINS"
"TOITGPROT";"PROTOCOLO/DISTRIBUIÇÃO - ITAGUATINS"
"TOJUNMEDI";"JUNTA MÉDICA DO FORUM DE PALMAS"
"TOMIR1ECIV";"1ª Vara Cível de Miracema do Tocantins"
"TOMIR1ECIVJ";"Juízo da 1ª Vara Cível de Miracema do Tocantins"
"TOMIR1ECRI";"1ª Vara Criminal de Miracema do Tocantins"
"TOMIR1ECRIJ";"Juízo da 1ª Vara Criminal de Miracema do Tocantins"
"TOMIR1EFAM";"Escrivania de Família, Sucessões, Inf. e Juventude de Miracema do Tocantins"
"TOMIR1EFAMJ";"Juízo da Escrivania de Família, Sucessões, Inf. e Juventude de Miracema do Tocan"
"TOMIRCEJUSC";"CENTRO JUDICIÁRIO DE SOLUÇÃO DE CONFLITOS PROCESSUAIS (CEJUSC) - MIRACEMA DO TOCANTINS"
"TOMIRCEMAN";"CENTRAL DE MANDADOS - MIRACEMA DO TOCANTINS"
"TOMIRCONT";"CONTADORIA - MIRACEMA DO TOCANTINS"
"TOMIRCPMA";"CEPEMA - MIRACEMA"
"TOMIRDIFO";"DIRETORIA FORO - MIRACEMA DO TOCANTINS"
"TOMIRJECRC";"Juizado Especial Criminal de Miracema do Tocantins"
"TOMIRJECRCJ";"Juízo do Juizado Especial Criminal de Miracema do Tocantins"
"TOMIRJUCCR";"Juizado Especial Cível de Miracema do Tocantins"
"TOMIRJUCCRJ";"Juízo do Juizado Especial Cível de Miracema do Tocantins"
"TOMIRJUICJSC";"JUIZO DO CENTRO JUDICIÁRIO DE SOLUÇÃO DE CONFLITOS E CIDADANIA (CEJUSC) - MIRACEMA DO TOCANTINS"
"TOMIRPLAN";"PLANTÃO DE 1ª INSTÂNCIA - MIRACEMA DO TOCANTINS"
"TOMIRPROT";"PROTOCOLO/DISTRIBUIÇÃO - MIRACEMA"
"TOMIRSECCJSC";"CENTRO JUDICIÁRIO DE SOLUÇÃO DE CONFLITOS E CIDADANIA (CEJUSC) - MIRACEMA DO TOCANTINS"
"TOMNT1ECIV";"1ª Escrivania Cível de Miranorte"
"TOMNT1ECIVJ";"Juízo da 1ª Escrivania Cível de Miranorte"
"TOMNT1ECRI";"1ª Escrivania Criminal de Miranorte"
"TOMNT1ECRIJ";"Juízo da 1ª Escrivania Criminal de Miranorte"
"TOMNTCEJUSC";"CENTRO JUDICIÁRIO DE SOLUÇÃO DE CONFLITOS PROCESSUAIS (CEJUSC) - MIRANORTE"
"TOMNTCEMAN";"CENTRAL DE MANDADOS - MIRANORTE"
"TOMNTCONT";"CONTADORIA - MIRANORTE"
"TOMNTDIFO";"DIRETORIA FORO - MIRANORTE"
"TOMNTJUICJSC";"JUIZO DO CENTRO JUDICIÁRIO DE SOLUÇÃO DE CONFLITOS E CIDADANIA(CEJUSC)- MIRANORTE"
"TOMNTPLAN";"PLANTÃO DE 1ª INSTÂNCIA - MIRANORTE"
"TOMNTPROT";"PROTOCOLO/DISTRIBUIÇÃO - MIRANORTE"
"TOMNTSECCJSC";"CENTRO JUDICIÁRIO DE SOLUÇÃO DE CONFLITOS E CIDADANIA (CEJUSC) - MIRANORTE"
"TONAT1ECIV";"1ª Escrivania Cível de Natividade"
"TONAT1ECIVJ";"Juízo da 1ª Escrivania Cível de Natividade"
"TONAT1ECRI";"1ª Escrivania Criminal de Natividade"
"TONAT1ECRIJ";"Juízo da 1ª Escrivania Criminal de Natividade"
"TONATCEMAN";"CENTRAL DE MANDADOS - NATIVIDADE"
"TONATCONT";"CONTADORIA - NATIVIDADE"
"TONATDIFO";"DIRETORIA FORO - NATIVIDADE"
"TONATPLAN";"PLANTÃO DE 1ª INSTÂNCIA - NATIVIDADE"
"TONATPROT";"PROTOCOLO/DISTRIBUIÇÃO - NATIVIDADE"
"TONOADIFO";"DIRETORIA FORO - NOVO ACORDO"
"TONOV1ECIV";"1ª Escrivania Cível de Novo Acordo"
"TONOV1ECIVJ";"Juízo da 1ª Escrivania Cível de Novo Acordo"
"TONOV1ECRI";"1ª Escrivania Criminal de Novo Acordo"
"TONOV1ECRIJ";"Juízo da 1ª Escrivania Criminal de Novo Acordo"
"TONOVCEMAN";"CENTRAL DE MANDADOS - NOVO ACORDO"
"TONOVCONT";"CONTADORIA - NOVO ACORDO"
"TONOVPLAN";"PLANTÃO DE 1ª INSTÂNCIA - NOVO ACORDO"
"TONOVPROT";"PROTOCOLO/DISTRIBUIÇÃO - NOVO ACORDO"
"TOPAI1ECIV";"1ª Vara Cível de Paraíso do Tocantins"
"TOPAI1ECIVJ";"Juízo da 1ª Vara Cível de Paraíso do Tocantins"
"TOPAI1ECRI";"1ª Vara Criminal de Paraíso do Tocantins"
"TOPAI1ECRIJ";"Juízo da 1ª Vara Criminal de Paraíso do Tocantins"
"TOPAI2ECIV";"2ª Vara Cível, Família e Sucessões Inf. e Juvent. de Paraíso do Tocantins"
"TOPAI2ECIVJ";"Juizo da 2ª Vara Cível, Família e Sucessões Inf. e Juvent. de Paraíso do Tocanti"
"TOPAICEJUSC";"CENTRO JUDICIÁRIO DE SOLUÇÃO DE CONFLITOS PROCESSUAIS (CEJUSC) - PARAÍSO DO TOCANTINS"
"TOPAICEMAN";"CENTRAL DE MANDADOS - PARAÍSO DO TOCANTINS"
"TOPAICONT";"CONTADORIA - PARAÍSO DO TOCANTINS"
"TOPAIDIFO";"DIRETORIA FORO - PARAÍSO DO TOCANTINS"
"TOPAIGG";"GGEM - NÚCLEO PARAÍSO"
"TOPAIJECCR";"Juizado Especial Cível de Paraíso do Tocantins"
"TOPAIJECCRJ";"Juízo do Juizado Especial Cível de Paraíso do Tocantins"
"TOPAIJECRC";"Juizado Especial Criminal de Paraíso do Tocantins"
"TOPAIJECRCJ";"Juízo do Juizado Especial Criminal de Paraíso do Tocantins"
"TOPAIJUICJSC";"JUIZO DO CENTRO JUDICIÁRIO DE SOLUÇÃO DE CONFLITOS E CIDADANIA(CEJUSC) - PARAÍSO DO TOCANTINS"
"TOPAIPLAN";"PLANTÃO DE 1ª INSTÂNCIA - PARAÍSO DO TOCANTINS"
"TOPAIPROT";"PROTOCOLO/DISTRIBUIÇÃO - PARAÍSO DO TOCANTINS"
"TOPAISECCJSC";"CENTRO JUDICIÁRIO DE SOLUÇÃO DE CONFLITOS E CIDADANIA (CEJUSC) - PARAÍSO DO TOCANTINS"
"TOPAL1CIV";"1ª Vara Cível de Palmas"
"TOPAL1CIVJ";"Juízo da 1ª Vara Civel de Palmas"
"TOPAL1CRI";"1ª Vara Criminal de Palmas"
"TOPAL1CRIJ";"Juizo da 1ª Vara Criminal de Palmas"
"TOPAL1FAM";"1ª Vara da Família e Sucessões de Palmas"
"TOPAL1FAMJ";"Juízo da 1ª Vara da Família e Sucessões de Palmas"
"TOPAL1FAZ";"1ª Vara da Fazenda e Reg. Públicos de Palmas"
"TOPAL1FAZJ";"Juízo da 1ª Vara da Fazenda e Reg. Públicos de Palmas"
"TOPAL2CIV";"2ª Vara Civel de Palmas"
"TOPAL2CIVJ";"Juízo da 2ª Vara Civel de Palmas"
"TOPAL2CRI";"2ª Vara Criminal de Palmas"
"TOPAL2CRIJ";"Juizo da 2ª Vara Criminal de Palmas"
"TOPAL2FAM";"2ª Vara da Família e Sucessões de Palmas"
"TOPAL2FAMJ";"Juízo da 2ª Vara da Família e Sucessões de Palmas"
"TOPAL2FAZ";"2ª Vara da Fazenda e Reg. Públicos de Palmas"
"TOPAL2FAZJ";"Juízo da 2ª Vara da Fazenda e Reg. Públicos de Palmas"
"TOPAL3CIV";"3ª Vara Cível de Palmas"
"TOPAL3CIVJ";"Juízo da 3ª Vara Civel de Palmas"
"TOPAL3CRI";"3ª Vara Criminal de Palmas"
"TOPAL3CRIJ";"Juizo da 3ª Vara Criminal de Palmas"
"TOPAL3FAM";"3ª Vara da Família e Sucessões de Palmas"
"TOPAL3FAMJ";"Juízo da 3ª Vara da Família e Sucessões de Palmas"
"TOPAL3FAZ";"3ª Vara da Fazenda e Reg. Públicos de Palmas"
"TOPAL3FAZJ";"Juízo da 3ª Vara da Fazenda e Reg. Públicos de Palmas"
"TOPAL4CIV";"4ª Vara Cível de Palmas"
"TOPAL4CIVJ";"Juízo da 4ª Vara Civel de Palmas"
"TOPAL4CRI";"4ª Vara Criminal de Palmas"
"TOPAL4CRIJ";"Juizo da 4ª Vara Criminal de Palmas"
"TOPAL4FAZ";"4ª Vara da Fazenda e Reg. Públicos de Palmas"
"TOPAL4FAZJ";"Juízo da 4ª Vara da Fazenda e Reg. Públicos de Palmas"
"TOPAL5CIV";"5ª Vara Cível de Palmas"
"TOPAL5CIVJ";"Juízo da 5ª Vara Civel de Palmas"
"TOPALCEJUSC";"CENTRO JUDICIÁRIO DE SOLUÇÃO DE CONFLITOS PROCESSUAIS (CEJUSC) - PALMAS"
"TOPALCEMA";"CENTRAL DE MANDADOS - PALMAS"
"TOPALCEMAN";"CENTRAL DE MANDADOS - PALMAS"
"TOPALCONT";"CONTADORIA - PALMAS"
"TOPALCPMA";"CEPEMA - PALMAS"
"TOPALDIFO";"DIRETORIA FORO - PALMAS"
"TOPALEXECF";"CENTRAL DE EXECUÇÕES FISCAIS - PALMAS"
"TOPALGG";"GGEM - NÚCLEO PALMAS"
"TOPALINFA";"Juizado Especial da Infância e Juventude de Palmas"
"TOPALINFAJ";"Juizo do Juizado Especial da Infância e Juventude de Palmas"
"TOPALJECIC";"Juizado Especial Cível de Palmas - CENTRAL"
"TOPALJECICJ";"Juízo do Juizado Especial Cível de Palmas - CENTRAL"
"TOPALJECINJ";"Juízo do Juizado Especial Cível de Palmas - NORTE"
"TOPALJECISJ";"Juízo do Juizado Especial Cível de Palmas - SUL"
"TOPALJECITJ";"Juízo do Juizado Especial Cível de Palmas - TAQUARALTO"
"TOPALJECN";"Juizado Especial Cível de Palmas - NORTE"
"TOPALJECRC";"Juizado Especial Criminal de Palmas - CENTRAL"
"TOPALJECRCJ";"Juízo do Juizado Especial Criminal de Palmas - CENTRAL"
"TOPALJECRN";"Juizado Especial Criminal de Palmas - NORTE"
"TOPALJECRNJ";"Juízo do Juizado Especial Criminal de Palmas - NORTE"
"TOPALJECRS";"Juizado Especial Criminal de Palmas - SUL"
"TOPALJECRSJ";"Juízo do Juizado Especial Criminal de Palmas - SUL"
"TOPALJECRT";"Juizado Especial Criminal de Palmas - TAQUARALTO"
"TOPALJECRTJ";"Juízo do Juizado Especial Criminal de Palmas - TAQUARALTO"
"TOPALJECS";"Juizado Especial Cível de Palmas - SUL"
"TOPALJECT";"Juizado Especial Cível de Palmas - TAQUARALTO"
"TOPALJUICJSC";"JUIZO DO CENTRO JUDICIÁRIO DE SOLUÇÃO DE CONFLITOS E CIDADANIA (CEJUSC) - PALMAS"
"TOPALMILI";"Vara da Justiça Militar"
"TOPALMILIJ";"Juizo da Vara da Justiça Militar"
"TOPALMULH";"Vara de Combate a Violência Domestica Contra a Mulher de Palmas"
"TOPALMULHJ";"Juizo da Vara de Combate a Violência Domestica Contra a Mulher de Palmas"
"TOPALMVIO";"EQUIPE MULTIDISCIPLINAR VIOLÊNCIA DOMÉSTICA - PALMAS"
"TOPALPPAI";"PROGRAMA PAI PRESENTE - PALMAS"
"TOPALPREC";"Vara de Precatórias de Palmas"
"TOPALPRECJ";"Juízo da Vara de Precatórias de Palmas"
"TOPALPROT";"PROTOCOLO/DISTRIBUICAO - PALMAS"
"TOPALSECCJSC";"CENTRO JUDICIÁRIO DE SOLUÇÃO DE CONFLITOS E CIDADANIA (CEJUSC) - PALMAS"
"TOPALSECR";"SECRETARIA DAS VARAS CRIMINAIS DE PALMAS"
"TOPALSPSI";"EQUIPE SERVIÇO PSICOSSOCIAL FORENSE - PALMAS"
"TOPAM1ECIV";"1ª Escrivania Cível de Palmeiropolis"
"TOPAM1ECIVJ";"Juízo da 1ª Escrivania Cível de Palmeiropolis"
"TOPAM1ECRI";"1ª Escrivania Criminal de Palmeiropolis"
"TOPAM1ECRIJ";"Juízo da 1ª Escrivania Criminal de Palmeiropolis"
"TOPAMCEMAN";"CENTRAL DE MANDADOS - PALMEIROPOLIS"
"TOPAMCONT";"CONTADORIA - PALMEIROPOLIS"
"TOPAMDIFO";"DIRETORIA FORO - PALMEIROPOLIS"
"TOPAMPLAN";"PLANTÃO DE 1ª INSTÂNCIA - PALMEIROPOLIS"
"TOPAMPROT";"PROTOCOLO/DISTRIBUIÇÃO - PALMEIROPOLIS"
"TOPAR1ECIV";"1ª Escrivania Cível de Paranã"
"TOPAR1ECIVJ";"Juízo da 1ª Escrivania Cível de Paranã"
"TOPAR1ECRI";"1ª Escrivania Criminal de Paranã"
"TOPAR1ECRIJ";"Juízo da 1ª Escrivania Criminal de Paranã"
"TOPARCEMAN";"CENTRAL DE MANDADOS - PARANÃ"
"TOPARCONT";"CONTADORIA - PARANÃ"
"TOPARDIFO";"DIRETORIA FORO - PARANÃ"
"TOPARPLAN";"PLANTÃO DE 1ª INSTÂNCIA - PARANÃ"
"TOPARPROT";"PROTOCOLO/DISTRIBUIÇÃO - PARANÃ"
"TOPED1ECIV";"1ª Vara Cível de Pedro Afonso"
"TOPED1ECIVJ";"Juízo da 1ª Vara Cível de Pedro Afonso"
"TOPED1ECRI";"1ª Vara Criminal de Pedro Afonso"
"TOPED1ECRIJ";"Juízo da 1ª Vara Criminal de Pedro Afonso"
"TOPEDCEJUSC";"CENTRO JUDICIÁRIO DE SOLUÇÃO DE CONFLITOS PROCESSUAIS (CEJUSC) - PEDRO AFONSO"
"TOPEDCEMAN";"CENTRAL DE MANDADOS - PEDRO AFONSO"
"TOPEDCONT";"CONTADORIA - PEDRO AFONSO"
"TOPEDDIFO";"DIRETORIA FORO - PEDRO AFONSO"
"TOPEDJUICJSC";"JUIZO DO CENTRO JUDICIÁRIO DE SOLUÇÃO DE CONFLITOS E CIDADANIA(CEJUSC) - PEDRO AFONSO"
"TOPEDPLAN";"PLANTÃO DE 1ª INSTÂNCIA - PEDRO AFONSO"
"TOPEDPROT";"PROTOCOLO/DISTRIBUIÇÃO - PEDRO AFONSO"
"TOPEDSECCJSC";"CENTRO JUDICIÁRIO DE SOLUÇÃO DE CONFLITOS E CIDADANIA (CEJUSC) - PEDRO AFONSO"
"TOPEI1ECIV";"1ª Escrivania Cível de Peixe"
"TOPEI1ECIVJ";"Juízo da 1ª Escrivania Cível de Peixe"
"TOPEI1ECRI";"1ª Escrivania Criminal de Peixe"
"TOPEI1ECRIJ";"Juízo da 1ª Escrivania Criminal de Peixe"
"TOPEI2ECIV";"2ª Escrivania Cível de Peixe"
"TOPEI2ECIVJ";"Juízo da 2ª Escrivania Civel de Peixe"
"TOPEICEMAN";"CENTRAL DE MANDADOS - PEIXE"
"TOPEICONT";"CONTADORIA - PEIXE"
"TOPEIDIFO";"DIRETORIA FORO - PEIXE"
"TOPEIPLAN";"PLANTÃO DE 1ª INSTÂNCIA - PEIXE"
"TOPEIPROT";"PROTOCOLO/DISTRIBUIÇÃO - PEIXE"
"TOPIU1ECIV";"1ª Escrivania Cível de Pium"
"TOPIU1ECIVJ";"Juízo da 1ª Escrivania Cível de Pium"
"TOPIU1ECRI";"1ª Escrivania Criminal de Pium"
"TOPIU1ECRIJ";"Juízo da 1ª Escrivania Criminal de Pium"
"TOPIUCEMAN";"CENTRAL DE MANDADOS - PIUM"
"TOPIUCONT";"CONTADORIA - PIUM"
"TOPIUDIFO";"DIRETORIA FORO - PIUM"
"TOPIUPLAN";"PLANTÃO DE 1ª INSTÂNCIA - PIUM"
"TOPIUPROT";"PROTOCOLO/DISTRIBUIÇÃO - PIUM"
"TOPOADIFO";"DIRETORIA FORO - PONTE ALTA DO TOCANTINS"
"TOPON1ECIV";"1ª Escrivania Cível de Ponte Alta"
"TOPON1ECIVJ";"Juízo da 1ª Escrivania Cível de Ponte Alta"
"TOPON1ECRI";"1ª Escrivania Criminal de Ponte Alta"
"TOPON1ECRIJ";"Juízo da 1ª Escrivania Criminal de Ponte Alta"
"TOPONCEMAN";"CENTRAL DE MANDADOS - PONTE ALTA"
"TOPONCONT";"CONTADORIA - PONTE ALTA"
"TOPONPLAN";"PLANTÃO DE 1ª INSTÂNCIA - PONTE ALTA"
"TOPONPROT";"PROTOCOLO/DISTRIBUIÇÃO - PONTE ALTA"
"TOPOR1ECIV";"1ª Vara Cível de Porto Nacional"
"TOPOR1ECIVJ";"Juízo da 1ª Vara Cível de Porto Nacional"
"TOPOR1ECRI";"1ª Vara Criminal de Porto Nacional"
"TOPOR1ECRIJ";"Juízo da 1ª Vara Criminal de Porto Nacional"
"TOPOR2ECIV";"2ª Vara Cível de Porto Nacional"
"TOPOR2ECIVJ";"Juízo da 2ª Vara Cível de Porto Nacional"
"TOPOR2ECRI";"2ª Vara Criminal de Porto Nacional"
"TOPOR2ECRIJ";"Juízo da 2ª Vara Criminal de Porto Nacional"
"TOPOR3ECIV";"3ª Vara Cível de Porto Nacional"
"TOPOR3ECIVJ";"Juizo da 3ª Vara Cível de Porto Nacional"
"TOPORCEJUSC";"CENTRO JUDICIÁRIO DE SOLUÇÃO DE CONFLITOS PROCESSUAIS (CEJUSC) - PORTO NACIONAL"
"TOPORCEMAN";"CENTRAL DE MANDADOS - PORTO NACIONAL"
"TOPORCONT";"CONTADORIA - PORTO NACIONAL"
"TOPORCPMA";"CEPEMA - PORTO NACIONAL"
"TOPORDIFO";"DIRETORIA FORO - PORTO NACIONAL"
"TOPOREXECF";"CENTRAL DE EXECUÇÕES FISCAIS - PORTO NACIONAL"
"TOPORGG";"GGEM - NÚCLEO PORTO NACIONAL"
"TOPORJECIV";"Juizado Especial Cível de Porto Nacional"
"TOPORJECIVJ";"Juizo do Juizado Especial Cível de Porto Nacional"
"TOPORJECRI";"Juizado Especial Criminal de Porto Nacional"
"TOPORJECRIJ";"Juizo do Juizado Especial Criminal de Porto Nacional"
"TOPORJUICJSC";"JUIZO DO CENTRO JUDICIÁRIO DE SOLUÇÃO DE CONFLITOS E CIDADANIA (CEJUSC) - PORTO NACIONAL"
"TOPORPLAN";"PLANTÃO DE 1ª INSTÂNCIA - PORTO NACIONAL"
"TOPORPROT";"PROTOCOLO/DISTRIBUIÇÃO - PORTO NACIONAL"
"TOPORSECCJSC";"CENTRO JUDICIÁRIO DE SOLUÇÃO DE CONFLITOS E CIDADANIA (CEJUSC) - PORTO NACIONAL"
"TOPROCON";"PROCON"
"TOTAG1ECIV";"1ª Vara Cível de Taguatinga"
"TOTAG1ECIVJ";"Juízo da 1ª Vara Cível de Taguatinga"
"TOTAG1ECRI";"1ª Vara Criminal de Taguatinga"
"TOTAG1ECRIJ";"Juízo da 1ª Vara Criminal de Taguatinga"
"TOTAG2ECIV";"Escrivania de Família Sucessões, Inf e Juventude de Taguatinga"
"TOTAG2ECIVJ";"Juízo Escrivania de Família Sucessões, Inf e Juventude de Taguatinga"
"TOTAGCEJUSC";"CENTRO JUDICIÁRIO DE SOLUÇÃO DE CONFLITOS PROCESSUAIS (CEJUSC) - TAGUATINGA"
"TOTAGCEMAN";"CENTRAL DE MANDADOS - TAGUATINGA"
"TOTAGCONT";"CONTADORIA - TAGUATINGA"
"TOTAGDIFO";"DIRETORIA FORO - TAGUATINGA"
"TOTAGJUICJSC";"JUIZO DO CENTRO JUDICIÁRIO DE SOLUÇÃO DE CONFLITOS E CIDADANIA(CEJUSC)- TAGUATINGA"
"TOTAGPLAN";"PLANTÃO DE 1ª INSTÂNCIA - TAGUATINGA"
"TOTAGPROT";"PROTOCOLO/DISTRIBUIÇÃO - TAGUATINGA"
"TOTAGSECCJSC";"CENTRO JUDICIÁRIO DE SOLUÇÃO DE CONFLITOS E CIDADANIA (CEJUSC) - TAGUATINGA"
"TOTOC1ECIV";"1ª Escrivania Cível de Tocantínia"
"TOTOC1ECIVJ";"Juízo da 1ª Escrivania Cível de Tocantínia"
"TOTOC1ECRI";"1ª Escrivania Criminal de Tocantínia"
"TOTOC1ECRIJ";"Juízo da 1ª Escrivania Criminal de Tocantínia"
"TOTOCCEMAN";"CENTRAL DE MANDADOS - TOCANTÍNIA"
"TOTOCCONT";"CONTADORIA - TOCANTÍNIA"
"TOTOCDIFO";"DIRETORIA FORO - TOCANTÍNIA"
"TOTOCPLAN";"PLANTÃO DE 1ª INSTÂNCIA - TOCANTÍNIA"
"TOTOCPROT";"PROTOCOLO/DISTRIBUIÇÃO - TOCANTÍNIA"
"TOTOP1ECIV";"1ª Vara Cível de Tocantinópolis"
"TOTOP1ECIVJ";"Juízo da 1ª Vara Cível de Tocantinópolis"
"TOTOP1ECRI";"1ª Vara Criminal de Tocantinópolis"
"TOTOP1ECRIJ";"Juízo da 1ª Vara Criminal de Tocantinópolis"
"TOTOPCEJUSC";"CENTRO JUDICIÁRIO DE SOLUÇÃO DE CONFLITOS PROCESSUAIS (CEJUSC) - TOCANTINÓPOLIS"
"TOTOPCEMAN";"CENTRAL DE MANDADOS - TOCANTINÓPOLIS"
"TOTOPCONT";"CONTADORIA - TOCANTINÓPOLIS"
"TOTOPDIFO";"DIRETORIA FORO - TOCANTINÓPOLIS"
"TOTOPGG";"GGEM - NÚCLEO TOCANTINÓPOLIS"
"TOTOPJECCR";"Juizado Especial Cível de Tocantinópolis"
"TOTOPJECCRJ";"Juízo do Juizado Especial Cível de Tocantinópolis"
"TOTOPJECRC";"Juizado Especial Criminal de Tocantinópolis"
"TOTOPJECRCJ";"Juízo do Juizado Especial Criminal de Tocantinópolis"
"TOTOPJUICJSC";"JUIZO DO CENTRO JUDICIÁRIO DE SOLUÇÃO DE CONFLITOS E CIDADANIA(CEJUSC)- TOCANTINÓPOLIS"
"TOTOPPLAN";"PLANTÃO DE 1ª INSTÂNCIA - TOCANTINÓPOLIS"
"TOTOPPROT";"PROTOCOLO/DISTRIBUIÇÃO - TOCANTINÓPOLIS"
"TOTOPSECCJSC";"CENTRO JUDICIÁRIO DE SOLUÇÃO DE CONFLITOS E CIDADANIA (CEJUSC) - TOCANTINÓPOLIS"
"TOWAN1ECIV";"1ª Escrivania Cível de Wanderlândia"
"TOWAN1ECIVJ";"Juízo da 1ª Escrivania Cível de Wanderlândia"
"TOWAN1ECRI";"1ª Escrivania Criminal de Wanderlândia"
"TOWAN1ECRIJ";"Juízo da 1ª Escrivania Criminal de Wanderlândia"
"TOWANCEMAN";"CENTRAL DE MANDADOS - WANDERLÂNDIA"
"TOWANCONT";"CONTADORIA - WANDERLÂNDIA"
"TOWANDIFO";"DIRETORIA FORO - WANDERLÂNDIA"
"TOWANPLAN";"PLANTÃO DE 1ª INSTÂNCIA - WANDERLÂNDIA"
"TOWANPROT";"PROTOCOLO/DISTRIBUIÇÃO - WANDERLÂNDIA"
"TOXAM1ECIV";"1ª Escrivania Cível de Xambioá"
"TOXAM1ECIVJ";"Juízo da 1ª Escrivania Cível de Xambioá"
"TOXAM1ECRI";"1ª Escrivania Criminal de Xambioá"
"TOXAM1ECRIJ";"Juízo da 1ª Escrivania Criminal de Xambioá"
"TOXAMCEMAN";"CENTRAL DE MANDADOS - XAMBIOÁ"
"TOXAMCONT";"CONTADORIA - XAMBIOÁ"
"TOXAMDIFO";"DIRETORIA FORO - XAMBIOÁ"
"TOXAMPLAN";"PLANTÃO DE 1ª INSTÂNCIA - XAMBIOÁ"
"TOXAMPROT";"PROTOCOLO/DISTRIBUIÇÃO - XAMBIOÁ"
"TUR01";"1ª TURMA DA 1ª CÂMARA CÍVEL"
"TUR02";"2ª TURMA DA 1ª CÂMARA CÍVEL"
"TUR03";"3ª TURMA DA 1ª CÂMARA CÍVEL"
"TUR04";"4ª TURMA DA 1ª CÂMARA CÍVEL"
"TUR05";"5ª TURMA DA 1ª CÂMARA CÍVEL"
"TUR06";"1ª TURMA DA 2ª CÂMARA CÍVEL"
"TUR07";"2ª TURMA DA 2ª CÂMARA CÍVEL"
"TUR08";"3ª TURMA DA 2ª CÂMARA CÍVEL"
"TUR09";"4ª TURMA DA 2ª CÂMARA CÍVEL"
"TUR10";"5ª TURMA DA 2ª CÂMARA CÍVEL"
"VICEP";"VICE PRESIDÊNCIA"
