"1681";"Periculosidade"
"1690";"Contribuição / Taxa Assistencial"
"1705";"Registro de Entidade Sindical"
"1723";"Assédio Moral"
"1849";"Culpa Recíproca"
"1888";"Descontos Salariais - Devolução"
"1904";"Despedida / Dispensa Imotivada"
"1920";"Diárias"
"1965";"Empregado Público"
"1976";"Contrato Suspenso"
"1998";"Multa de 40% do FGTS"
"2021";"Indenização / Terço Constitucional"
"2117";"Supressão de Horas Extras Habituais - Indenização"
"2215";"Multa Prevista em Norma Coletiva"
"2275";"Piso Salarial da Categoria / Salário Mínimo Profissional"
"2349";"Contribuição de Previdência Privada - Resgate"
"2364";"Plano de Saúde"
"2449";"Reajuste Salarial"
"2452";"Salário Vencido / Retido"
"2477";"Seguro de Vida"
"2479";"Indenização"
"2480";"Liberação das Guias"
"2557";"Contrato de Aprendizagem"
"2558";"Cooperativa de Trabalho"
"2583";"Abono"
"2604";"Adicional de Transferência"
"2624";"Complementação de Aposentadoria / Pensão"
"2641";"AVISO PRÉVIO"
"2657";"Anistia"
"2663";"Abono Pecuniário"
"2666";"Décimo Terceiro Salário"
"2697";"Salário por Equiparação / Isonomia"
"3370";"Homicídio Simples"
"3371";"Homicídio Privilegiado"
"3372";"Homicídio Qualificado"
"3373";"Induzimento, Instigação ou Auxílio a Suicídio"
"3375";"Infanticídio"
"3386";"Leve"
"3387";"Seguida de Morte"
"3390";"Perigo para a vida ou saúde de outrem"
"3391";"Abandono de incapaz"
"3392";"Omissão de socorro"
"3393";"Rixa"
"3395";"Calúnia"
"3396";"Difamação"
"3397";"Injúria"
"3401";"Constrangimento ilegal "
"3402";"Ameaça "
"3403";"Seqüestro e cárcere privado "
"3404";"Redução a condição análoga à de escravo "
"3406";"Violação de domicílio "
"3408";"Violação de correspondência "
"3410";"Violação de comunicação telegráfica, radioelétrica ou telefônica "
"3413";"Divulgação de segredo "
"3414";"Violação do segredo profissional "
"3416";"Furto "
"3417";"Furto Qualificado "
"3418";"Furto de coisa comum "
"3419";"Roubo "
"3420";"Extorsão "
"3421";"Extorsão mediante seqüestro "
"3422";"Extorsão indireta"
"3423";"Alteração de limites "
"3424";"Usurpação de águas "
"3425";"Esbulho possessório"
"3426";"Dano"
"3427";"Introdução ou abandono de animais em propriedade alheia"
"3428";"Dano em coisa de valor artístico, arqueológico ou histórico"
"3429";"Alteração de local especialmente protegido"
"3430";"Apropriação indébita Previdenciária "
"3431";"Estelionato"
"3432";"Estelionato Majorado "
"3433";"Outras fraudes"
"3434";"Fraude à execução "
"3435";"Receptação"
"3436";"Apropriação indébita"
"3437";"Apropriação de Coisa Havida por Erro, Caso Fortuito ou Força da Natureza"
"3443";"Violação de direito autoral"
"3446";"Atentado contra a liberdade de trabalho"
"3447";"Atentado contra a liberdade de contrato de trabalho e boicotagem violenta"
"3448";"Atentado contra a liberdade de associação"
"3449";"Paralisação de trabalho, seguida de violência ou perturbação da ordem"
"3450";"Paralisação de trabalho de interesse coletivo"
"3451";"Invasão de estabelecimento industrial, comercial ou agrícola. Sabotagem"
"3452";"Frustração de direitos assegurados por lei trabalhista"
"3453";"Exercício de atividade com infração de decisão administrativa "
"3458";"Destruição / Subração / Ocultação de Cadáver"
"3459";"Impedimento ou Perturbação de Cerimônia Funerária"
"3460";"Vilipêndio a Cadáver"
"3461";"Violação a Sepultura "
"3462";"Ultraje / Impedimento ou Perturbação de Culto Religioso"
"3465";"Estupro "
"3466";"Atentado Violento ao Pudor "
"3467";"Atentado ao Pudor Mediante Fraude"
"3468";"Corrupção de Menores"
"3469";"Ultraje Público ao Pudor (Ato/Escrito Obsceno)"
"3471";"Mediação para Servir a Lascívia de Outrem "
"3474";"Abandono Material"
"3475";"Abandono Intelectual"
"3476";"Entrega de Filho Menor a Pessoa Inidônea"
"3479";"Bigamia"
"3480";"Conhecimento Prévio de Impedimento "
"3481";"Induzimento a erro essencial e ocultação de impedimento"
"3482";"Simulação de Casamento"
"3483";"Simulação de Autoridade para Celebração de Casamento"
"3485";"Parto Suposto "
"3486";"Registro de Nascimento Inexistente"
"3487";"Sonegação do Estado de Filiação"
"3489";"Induzimento a Fuga, Entrega Arbitrária ou Sonegação de Incapazes"
"3490";"Subtração de Incapazes "
"3492";"Incêndio"
"3493";"Explosão "
"3494";"Uso de gás tóxico ou asfixiante "
"3495";"Inundação / Perigo de Inundação"
"3496";"Desabamento ou desmoronamento"
"3497";"Subtração, ocultação ou inutilização de material de salvamento"
"3500";"Desastre ferroviário / Perigo de Desastre Ferroviário"
"3501";"Atentado contra a segurança de transporte público"
"3502";"Arremesso de projétil"
"3503";"Atentado contra a segurança de serviços de utilidade pública "
"3504";"Interrupção /perturbação de serviços telegráficos/telefônicos"
"3505";"Epidemia "
"3506";"Emprego de Processo Proibido/Substância não permitida"
"3507";"Invólucro ou recipiente com falsa indicação "
"3508";"Falsificação / Corrupção / Adulteração / Alteração de produto destinado a fins terapêuticos ou medicinais"
"3509";"Exercício Ilegal da Medicina, Arte Dentária ou Farmacêutica"
"3510";"Charlatanismo "
"3512";"Curandeirismo "
"3513";"Envenenamento de Água Potável / Substância Alimentícia ou Medicinal"
"3514";"Falsificação / Corrupção / Adulteração / Alteração de Substância ou Produtos Alimentícios"
"3515";"Infração de Medida Sanitária Preventiva"
"3516";"Omissão de Notificação de Doença"
"3517";"Outras Substâncias Nocivas a Saúde Pública "
"3519";"Substância Destinada à Falsificação"
"3521";"Quadrilha ou Bando"
"3524";"Moeda Falsa / Assimilados"
"3527";"Petrechos para falsificação de moeda "
"3528";"Emissão de título ao portador sem permissão legal "
"3529";"Falsificação de papéis públicos "
"3530";"Falsificação do selo ou sinal público "
"3531";"Falsificação de documento público"
"3532";"Falsificação de documento particular "
"3533";"Falsidade ideológica "
"3534";"Falso reconhecimento de firma ou letra"
"3535";"Certidão ou atestado ideologicamente falso "
"3536";"Falsidade material de atestado ou certidão "
"3537";"Falsidade de atestado médico "
"3538";"Reprodução ou adulteração de selo ou peça filatélica "
"3539";"Uso de documento falso "
"3540";"Supressão de documento "
"3541";"Falsificação do sinal empregado no contraste de metal precioso ou na fiscalização alfandegária, ou para outros fins "
"3542";"Falsa identidade "
"3543";"Fraude de lei sobre estrangeiros"
"3545";"Petrechos de Falsificação de Papéis Públicos"
"3546";"Adulteração de Sinal Identificador de Veículo Automotor"
"3548";"Peculato"
"3550";"Peculato mediante erro de outrem"
"3551";"Extravio, sonegação ou inutilização de livro ou documento "
"3552";"Emprego irregular de verbas ou rendas públicas "
"3553";"Concussão "
"3554";"Excesso de exação "
"3555";"Corrupção passiva "
"3557";"Prevaricação"
"3558";"Condescendência criminosa"
"3559";"Advocacia administrativa "
"3560";"Violência arbitrária "
"3561";"Abandono de função "
"3562";"Exercício funcional ilegalmente antecipado ou prolongado "
"3563";"Violação do sigilo funcional "
"3564";"Violação do sigilo de proposta de concorrência "
"3565";"Usurpação de função pública "
"3566";"Resistência "
"3567";"Tráfico de influência "
"3568";"Corrupção ativa "
"3569";"Impedimento, perturbação ou fraude de concorrência"
"3570";"Inutilização de edital ou de sinal "
"3571";"Subtração ou inutilização de livro ou documento "
"3572";"Desobediência "
"3573";"Desacato "
"3574";"Contrabando ou descaminho"
"3576";"Denunciação caluniosa "
"3577";"Comunicação falsa de crime ou de contravenção "
"3578";"Auto-acusação falsa"
"3579";"Falso testemunho ou falsa perícia "
"3580";"Coação no curso do processo "
"3581";"Exercício arbitrário das próprias razões "
"3582";"Fraude processual"
"3583";"Favorecimento pessoal "
"3584";"Favorecimento real "
"3585";"Exercício arbitrário ou abuso de poder "
"3586";"Fuga de pessoa presa ou submetida a medida de segurança "
"3587";"Evasão mediante violência contra a pessoa "
"3588";"Arrebatamento de preso "
"3589";"Motim de presos "
"3590";"Patrocínio infiel "
"3591";"Patrocínio simultâneo ou tergiversação "
"3592";"Sonegação de papel ou objeto de valor probatório "
"3593";"Exploração de prestígio "
"3594";"Violência ou fraude em arrematação judicial"
"3595";"Desobediência a decisão judicial sobre perda ou suspensão de direitos "
"3596";"Inserção de dados falsos em sistema de informações "
"3598";"Sonegação de contribuição previdenciária "
"3604";"Crimes de Responsabilidade"
"3605";"Crimes contra a Economia Popular"
"3606";"Crimes de Abuso de Autoridade"
"3608";"Tráfico de Drogas e Condutas Afins"
"3613";"Crimes Resultante de Preconceito de Raça ou de Cor"
"3614";"Crimes contra a Ordem Tributária"
"3615";"Crimes contra a Ordem Econômica"
"3616";"Crimes contra as Relações de Consumo"
"3617";"Representação caluniosa"
"3619";"Crimes contra a Fauna"
"3620";"Crimes contra a Flora"
"3621";"Da Poluição"
"3622";"Agrotóxicos "
"3624";"Caça "
"3627";"Pesca "
"3628";"Crimes de Lavagem ou Ocultação de Bens, Direitos ou Valores"
"3629";"Crimes contra as Telecomunicações"
"3630";"Crimes Previstos na Lei de Estrangeiros"
"3631";"Crimes de Tortura"
"3632";"Crimes de Trânsito"
"3633";"Crimes do Sistema Nacional de Armas"
"3634";"Crimes de Imprensa"
"3637";"Crimes Previstos no Estatuto da criança e do adolescente"
"3638";"Crimes contra o mercado de capitais"
"3640";"Crimes de genocídio"
"3641";"Sigilo Telefônico"
"3642";"Crimes da Lei de licitações"
"3647";"Crimes praticados contra os índios e a cultura indígena"
"3650";"Recusa, retardamento ou omissão de dados técnicos indispensáveis à propositura de Ação Civil Pública"
"3651";"Crimes Agrários"
"3653";"Crimes relacionados à Comissão Parlamentar de Inquérito"
"3654";"Crimes Eleitorais"
"3655";"Crime de Quebra de Sigilo Financeiro"
"3656";"Crimes do Código Brasileiro de Telecomunicações"
"3659";"Crimes Previstos no Estatuto do Idoso"
"3660";"Parcelamento do solo urbano"
"3661";"Crimes Falimentares"
"3664";"Crimes Militares"
"3692";"Contravenções Penais"
"4264";"Nulidade"
"4271";"Suspensão"
"4272";"Trancamento"
"4310";"Fiança"
"4355";"Prisão Preventiva"
"4370";"Recebimento"
"4371";"Rejeição"
"4438";"Anulação"
"4442";"Restituição / Indenização de Despesa"
"4656";"Direito Autoral"
"4660";"Patente"
"4670";"Desenho Industrial"
"4680";"Marca"
"4703";"Defeito, nulidade ou anulação"
"4706";"Evicção ou Vicio Redibitório"
"4718";"Cessão de Crédito"
"4728";"Câmbio"
"4794";"Parceria Agrícola e/ou pecuária"
"4813";"Representação comercial"
"4829";"Atraso de vôo"
"4830";"Cancelamento de vôo"
"4831";"Overbooking"
"4832";"Extravio de bagagem"
"4840";"Equivalência salarial"
"4841";"Quitação"
"4842";"Reajuste de Prestações"
"4843";"Transferência de Financiamento (contrato de gaveta)"
"4846";"Sustação/Alteração de Leilão"
"4847";"Seguro"
"4854";"Revisão do Saldo Devedor"
"4899";"Assembléia"
"4902";"Eleição"
"4904";"Extinção"
"4907";"Assembléia"
"4909";"Eleição"
"4910";"Extinção"
"4933";"Apuração de haveres"
"4934";"Constituição"
"4935";"Dissolução"
"4939";"Desconsideração da Personalidade Jurídica"
"4940";"Ingresso e Exclusão dos Sócios na Sociedade"
"4942";"Responsabilidade dos sócios e administradores"
"4943";"Transferência de cotas"
"4951";"Anulação"
"4957";"Requisitos"
"4960";"Cédula de Crédito Bancário"
"4961";"Cédula de Crédito à Exportação"
"4962";"Cédula de Crédito Comercial"
"4963";"Cédula de Crédito Industrial"
"4964";"Cédula de Crédito Rural"
"4968";"Cédula de Produto Rural"
"4969";"Cédula Hipotecária"
"4970";"Cheque"
"4971";"Debêntures"
"4972";"Duplicata"
"4973";"Letra de Câmbio"
"4974";"Nota de Crédito Comercial"
"4975";"Nota de Crédito Industrial"
"4976";"Nota de Crédito Rural"
"4980";"Nota Promissória"
"4981";"Warrant"
"4994";"Recuperação extrajudicial"
"4998";"Autofalência"
"5000";"Concurso de Credores"
"5001";"Liquidação"
"5010";"Bolsa de Valores"
"5269";"Mínimo"
"5282";"Doméstico"
"5290";"Mineiros de Subsolos"
"5555";"Crime Tentado"
"5556";"Grave"
"5557";"Gravíssima"
"5558";"Privilegiada"
"5560";"Decorrente de Violência Doméstica"
"5564";"Furto Privilegiado"
"5565";"Furto de Veículo Automotor a ser Transportado para outro Estado ou Exterior"
"5566";"Roubo Majorado"
"5567";"Latrocínio"
"5568";"Extorsão mediante Seqüestro Seguida de Morte"
"5569";"Extorsão mediante Sequestro Seguida de Lesão Corporal Grave"
"5570";"Supressão ou Alteração de Marca em Animais"
"5571";"Dano Qualificado"
"5572";"Apropriação de Tesouro"
"5573";"Apropriação de Coisa Achada"
"5612";"Créditos / Privilégios Marítimos"
"5632";"Prescrição e Decadência"
"5680";"Edição"
"5787";"Exoneração"
"5788";"Revisão"
"5801";"Busca e Apreensão de Menores"
"5802";"Guarda"
"5804";"Investigação de Paternidade"
"5805";"Regulamentação de Visitas"
"5813";"Nulidade / Anulação"
"5825";"Nulidade e Anulação de Testamento"
"5829";"Nulidade e Anulação de Partilha e Adjudicação de Herança"
"5831";"Sub-rogação de Vinculo"
"5832";"Exclusão de herdeiro ou legatário"
"5833";"Petição de Herança"
"5834";"Deserdação"
"5835";"Disposição de coisa alheia como própria"
"5836";"Alienação ou Oneração Fraudulenta de Coisa Própria"
"5837";"Defraudação de Penhor"
"5838";"Fraude na Entrega de Coisa"
"5839";"Fraude para Recebimento de Indenização ou Valor de Seguro"
"5840";"Fraude no Pagamento por Meio de Cheque"
"5841";"Duplicata Simulada"
"5842";"Abuso de Incapazes"
"5843";"Induzimento à Especulação"
"5844";"Fraude no Comércio"
"5845";"Fraudes e Abusos na Fundação ou Administração de Sociedade por Ações"
"5846";"""Emissão Irregular de Conhecimento de Depósito ou """"Warrant"""""""
"5847";"Receptação Qualificada"
"5850";"Posse Sexual Mediante Fraude"
"5851";"Assédio Sexual"
"5852";"Favorecimento da Prostituição"
"5853";"Casa de Prostituição"
"5854";"Rufianismo"
"5855";"Tráfico Internacional de Pessoas"
"5856";"Tráfico Interno de Pessoas"
"5862";"Fabrico / Fornecimento / Aquisição / Posse ou Transporte de Explosivos ou Gás Tóxico ou Asfixiante"
"5865";"Crime Culposo"
"5866";"Venda de Produtos ou Substância nas Condições dos Artigos 274 e 275 "
"5867";"Medicamento em Desacordo com Receita Médica"
"5869";"Incitação ao Crime"
"5870";"Apologia de Crime ou Criminoso"
"5873";"Crimes Praticados por Particular Contra a Administração Pública Estrangeira"
"5878";"Crimes contra Patente de Invenção"
"5880";"Crimes contra as Marcas"
"5881";"Crimes Cometidos por Meio de Marca, Título de Estabelecimento e Sinal de Propaganda "
"5883";"Crimes de Concorrência Desleal"
"5885";"Posse de Drogas para Consumo Pessoal"
"5893";"Crime Contra a Administração da Justiça - Lei da Ação de Alimentos "
"5894";"Fabricação de Objeto Destinado a Produção de Drogas e Condutas Afins "
"5895";"Indução, Instigação ou Auxílio ao Uso de Drogas"
"5896";"Oferecimento de Drogas para Consumo Conjunto"
"5897";"Associação para a Produção e Tráfico e Condutas Afins"
"5898";"Financiamento ou Custeio de Produção ou Tráfico de Drogas"
"5899";"Colaboração com Grupo, Organização ou Associação Destinados à Produção ou Tráfico de Drogas "
"5900";"Prescrição Culposa de Drogas"
"5901";"Condução de Embarcação ou Aeronave sob Efeito de Drogas"
"5903";"Contratação de Operação de Crédito"
"5905";"Assunção de Obrigação no Último Ano do Mandato ou Legislatura"
"5906";"Ordenação de Despesa Não Autorizada"
"5907";"Prestação de Garantia Graciosa"
"5908";"Não Cancelamento de Restos a Pagar"
"5910";"Oferta Pública ou Colocação de Títulos no Mercado"
"5911";"Perigo de Contágio Venéreo"
"5915";"Isenção"
"5917";"IRPF/Imposto de Renda de Pessoa Física"
"5933";"IRPJ/Imposto de Renda de Pessoa Jurídica"
"5941";"II/ Imposto sobre Importação"
"5944";"IE/ Imposto sobre Exportação"
"5945";"IPI/ Imposto sobre Produtos Industrializados"
"5947";"ICMS/Importação"
"5948";"IOC/IOF Imposto sobre operações de crédito, câmbio e seguro, ou relativas a títulos ou valores mobiliários"
"5950";"ITR/ Imposto Territorial Rural"
"5951";"ISS/ Imposto sobre Serviços"
"5952";"IPTU/ Imposto Predial e Territorial Urbano"
"5953";"IPVA - Imposto Sobre Propriedade de Veículos Automotores"
"5954";"ITBI - Imposto de Transmissão Intervivos de Bens Móveis e Imóveis"
"5955";"ITCD - Imposto de Transmissão Causa Mortis"
"5962";"Taxa de Fiscalização Ambiental"
"5964";"Taxa de Licença de Importação"
"5971";"Estaduais"
"5974";"Aquisição de veículos automotores"
"5975";"Aquisição de combustíveis"
"5976";"Aquisição de passagens e moedas - Viagem Exterior"
"5980";"Responsabilidade Tributária do Sócio-Gerente / Diretor / Representante"
"5981";"Substituição Tributária"
"5982";"DIMOB/Declaração de Informações sobre Atividades Imobilíárias"
"5983";"CNPJ/Cadastro Nacional de Pessoas Jurídicas"
"5984";"CPF/Cadastro de Pessoas Físicas"
"5985";"Obrigação Acessória"
"5988";"Carta de fiança"
"5989";"Parcelamento"
"5991";"Compensação com Apólices da Dívida Pública"
"5994";"Compensação"
"5995";"TDA/Títulos da Dívida Agrária"
"5996";"Anistia"
"5997";"Denúncia espontânea"
"5998";"Lançamento"
"6000";"Expedição de CND"
"6001";"Expedição de Certidão Positiva de Débito com Efeito de Negativa"
"6002";"Certificado de Regularidade - FGTS"
"6003";"Incentivos fiscais"
"6004";"Anulação de Débito Fiscal"
"6005";"Juros/Correção Monetária"
"6006";"Prazo de Recolhimento"
"6007";"Repetição de indébito"
"6009";"Crédito Prêmio"
"6010";"Crédito Presumido"
"6011";"Fato Gerador/Incidência"
"6013";"Alíquota Zero"
"6014";"Alíquota Progressiva"
"6015";"Índice da Alíquota"
"6016";"Creditamento"
"6017";"Dívida Ativa"
"6019";"Depósito Prévio ao Recurso Administrativo"
"6020";"Arrolamento de Bens"
"6023";"Utilização de Dados Relativos à CPMF para Fins de Fiscalização"
"6024";"Liberação de mercadorias"
"6025";"Levantamento de depósito"
"6026";"Cadastro de Inadimplentes - CADIN"
"6027";"Autorização para Impressão de Documentos Fiscais - AIDF"
"6028";"Liberação de Veículo Apreendido"
"6029";"Perdimento de Bens"
"6032";"Contribuições de Melhoria"
"6034";"Finsocial"
"6035";"Cofins"
"6037";"Salário-Educação"
"6038";"Seguro Acidentes do Trabalho"
"6039";"PIS"
"6040";"Funrural"
"6041";"Contribuição INCRA"
"6042";"PASEP"
"6043";"Construção Civil"
"6045";"Contribuições para o SEBRAE, SESC, SENAC, SENAI e outros"
"6046";"Conselhos Regionais e Afins (Anuidade)"
"6047";"Contribuição Sindical"
"6049";"Servidores Ativos"
"6050";"Servidores Inativos"
"6051";"Mandato Eletivo/Lei 9.506/97"
"6052";"Aposentadoria/Retorno aoTrabalho"
"6053";"Cargo em Comissão"
"6054";"Tempo de Serviço Urbano/Contribuições não Recolhidas"
"6055";"Tempo de Serviço Rural/Contribuições não Recolhidas"
"6056";"Gratificação Natalina/13º Salário"
"6057";"Produção Agropecuária"
"6058";"Indenização Trabalhista"
"6059";"Reembolso auxílio-creche"
"6060";"Contribuição sobre a folha de salários"
"6061";"Devolução de contribuições previdenciárias pagas além do teto"
"6062";"1/3 de férias"
"6063";"Auxílio-Alimentação"
"6064";"Custeio de Assistência Médica"
"6065";"Hora Extra"
"6066";"Massa Falida- Recolhimento"
"6067";"Nota Fiscal ou Fatura"
"6068";"Salário-Maternidade"
"6069";"Contribuição sobre Nota Fiscal de Execução de Serviços"
"6070";"Contribuição de Autônomos, Empresários (Pró-labore) e Facultativos"
"6072";"FNT/Fundo Nacional de Telecomunicações"
"6074";"AITP/Adicional de Indenização do Trabalhador Portuário Avulso"
"6075";"Adicional de Tarifa Aeroportuária"
"6079";"Contribuição sobre licença de uso ou transferência de tecnologia"
"6081";"FUNDAF/Fundo Especial de Desenvolvimento e Aperfeiçoamento das Atividades de Fiscalização "
"6083";"Contribuição de Iluminação Pública"
"6085";"FGTS/Fundo de Garantia Por Tempo de Serviço"
"6087";"CPMF/Contribuição Provisória sobre Movimentação Financeira"
"6090";"REFIS/Programa de Recuperação Fiscal"
"6091";"PAES/Parcelamento Especial"
"6092";"SIMPLES"
"6093";"Super SIMPLES"
"6095";"Aposentadoria por Invalidez"
"6097";"Urbana (Art. 48/51)"
"6098";"Rural (Art. 48/51)"
"6099";"Aposentadoria por Tempo de Serviço (Art. 52/4)"
"6100";"Aposentadoria Especial (Art. 57/8)"
"6101";"Auxílio-Doença Previdenciário"
"6102";"Salário-Família (Art. 65/70)"
"6103";"Salário-Maternidade (Art. 71/73)"
"6104";"Pensão por Morte (Art. 74/9)"
"6105";"Auxílio-Reclusão (Art. 80)"
"6106";"Pecúlios (Art. 81/5)"
"6108";"Incapacidade Laborativa Parcial"
"6109";"Incapacidade Laborativa Permanente"
"6110";"Incapacidade Laborativa Temporária"
"6111";"Movimentos Repetitivos/Tenossinovite/LER/DORT"
"6112";"Redução da Capacidade Auditiva"
"6113";"Abono de Permanência em Serviço (Art. 87)"
"6117";"Renda Mensal Vitalícia"
"6118";"Aposentadoria por Tempo de Contribuição (Art. 55/6)"
"6122";"RMI pelo art. 1º da Lei 6.423/77 - índices de atualização dos 24 1ºs salários-de-contribuição, anteriores aos 12 últimos)"
"6123";"RMI pela equivalência entre Salário-de-Benefício e Salário-de-Contribuição"
"6124";"RMI sem incidência de Teto Limitador"
"6125";"RMI da pensão de dependente de ex-combatente"
"6126";"Benefício mínimo a partir da CF/88 (art. 201, § 2º CF/88)"
"6128";"Limitação do salário-de-benefício e da renda mensal inicial"
"6129";"RMI cuja salário-de-benefício supera menor valor teto"
"6130";"Escala de Salário-Base"
"6131";"Contribuição sobre vinte salários mínimos"
"6132";"Cálculo do Benefício de acordo com a Sistemática anterior à Lei 9.876/99"
"6134";"Alteração do coeficiente de cálculo de pensão"
"6135";"Alteração do coeficiente de cálculo do benefício"
"6136";"Cálculo do benefício de segurado especial de acordo com a Lei 9.876/99"
"6137";"Cálculo do fator previdenciário - Lei 9.876/99"
"6139";"Reajuste pela Súmula 260 do TFR"
"6140";"Art. 58 ADCT da CF/88"
"6141";"Utilização do PNS no Reajuste de Benefícios"
"6142";"Manutenção do Benefício pela equivalência salarial"
"6143";"Expurgos inflacionários sobre os benefícios"
"6144";"Salário Mínimo de Ncz$ 120,00 para junho/89"
"6146";"Reajustamento pelo IGP-DI"
"6147";"Aplicação de coeficiente de cálculo diverso do fixado na Lei n.º 8.213/91"
"6148";"Reajuste aplicado ao salário mínimo em setembro/94"
"6150";"Reajustamento pelo INPC"
"6151";"Art. 144 da Lei 8.213/91 e/ou diferenças decorrentes"
"6152";"Gratificação Natalina a partir da CF/88 (Art. 201, § 6º CF/88)"
"6153";"Abono da Lei 8.178/91"
"6155";"Desconto do DL 1.910/81"
"6156";"Descontos dos benefícios"
"6157";"Correção Monetária pela Súmula 71 TFR"
"6158";"Correção Monetária de Benefício pago com atraso"
"6161";"Habilitação e Reabilitação Profissional"
"6164";"Declaração de Ausência"
"6166";"Renúncia ao benefício"
"6167";"Demonstrativo das importâncias pagas"
"6169";"Limite Mínimo de Idade"
"6170";"Perda da qualidade de segurado"
"6171";"Inclusão de Dependente"
"6172";"""Regra de Transição para Aposentadoria - """"Pedágio"""""""
"6174";"Data de Início de Benefício (DIB)"
"6175";"Cumulação"
"6176";"Parcelas de benefício não pagas"
"6177";"Concessão"
"6178";"Restabelecimento"
"6179";"Conversão"
"6182";"Averbação/Cômputo/Conversão de tempo de serviço especial"
"6183";"Averbação/Cômputo de tempo de serviço de segurado especial (regime de economia familiar)"
"6184";"Averbação/Cômputo de tempo de serviço rural (empregado/empregador)"
"6185";"Averbação/Cômputo do tempo de serviço como aluno aprendiz"
"6186";"Averbação/Cômputo do tempo de serviço militar"
"6187";"Averbação/Cômputo de tempo de serviço de empregado doméstico"
"6188";"Averbação/Cômputo de tempo de serviço urbano"
"6189";"Certidão de Tempo de Serviço"
"6190";"Contagem Recíproca de Tempo de Serviço"
"6216";"Prestação de Alimentos"
"6226";"Inclusão Indevida em Cadastro de Inadimplentes"
"6233";"Planos de Saúde"
"6238";"Oferta"
"6239";"Fixação"
"7618";"Turismo"
"7619";"Consórcio"
"7620";"Estabelecimentos de Ensino"
"7621";"Seguro"
"7626";"Assinatura Básica Mensal"
"7627";"Pulsos Excedentes"
"7629";"Empreitada"
"7631";"Honorários Profissionais"
"7632";"Trabalhador Eventual"
"7640";"Interdito Proibitório"
"7657";"Tutela e Curatela"
"7659";"Regime de Bens Entre os Cônjuges"
"7660";"Usufruto e Administração dos Bens de Filhos Menores"
"7661";"Bem de Família"
"7664";"Dissolução"
"7667";"Investigação de Maternidade"
"7671";"Adoção de Maior"
"7672";"União Homoafetiva"
"7676";"Administração de Herança"
"7677";"Reconhecimento / Dissolução"
"7687";"Inventário e Partilha"
"7689";"Assunção de Dívida"
"7696";"Preferências e Privilégios Creditórios"
"7697";"Correção Monetária"
"7698";"Perdas e Danos"
"7700";"Cláusula Penal"
"7701";"Arras ou Sinal"
"7703";"Pagamento"
"7704";"Pagamento em Consignação"
"7705";"Pagamento com Sub-rogação"
"7706";"Imputação do Pagamento"
"7707";"Dação em Pagamento"
"7708";"Novação"
"7709";"Compensação"
"7710";"Confusão"
"7711";"Remissão das Dívidas"
"7712";"Promessa de Recompensa"
"7713";"Gestão de Negócios"
"7714";"Pagamento Indevido"
"7715";"Enriquecimento sem Causa"
"7732";"Registro de nascimento após prazo legal"
"7735";"Retificação de Nome "
"7737";"Cancelamento de Protesto"
"7748";"Acidente Aéreo"
"7757";"Auxílio-Doença Acidentário"
"7760";"Fornecimento de Energia Elétrica"
"7761";"Fornecimento de Água"
"7767";"Substituição do Produto"
"7768";"Rescisão do contrato e devolução do dinheiro"
"7769";"Abatimento proporcional do preço "
"7770";"Interpretação / Revisão de Contrato"
"7772";"Cartão de Crédito"
"7773";"Financiamento de Produto"
"7774";"Serviços Profissionais"
"7775";"Serviços Hospitalares"
"7780";"Indenização por Dano Material"
"7781";"Protesto Indevido de Título"
"7785";"Prestação Pecuniária"
"7786";"Perda de Bens e Valores"
"7787";"Prestação de Serviços à Comunidade"
"7788";"Interdição Temporária de Direitos"
"7789";"Limitação de Fim de Semana"
"7792";"Pena de Multa"
"7794";"Tratamento Ambulatorial"
"7795";"Internação"
"7797";"Quanto à Embarcação"
"7834";"Retificação de Data de Nascimento"
"7835";"Retificação de Sexo"
"7836";"Restauração de Registro de Nascimento"
"7897";"Inscrição na Matrícula de Registro Torrens"
"7898";"Instituição de Bem de Família"
"7899";"Bloqueio de Matrícula"
"7911";"Por Remição"
"7912";"Por Terceiro Prejudicado"
"7925";"Registro de Óbito após prazo legal"
"7926";"Registro de Nascimento de Filho de Brasileiro Nascido no Exterior"
"7928";"Liberdade Provisória"
"7929";"Prisão em flagrante"
"7941";"Denegação"
"7945";"Falsidade"
"7949";"Direitos da Personalidade "
"7952";"Organizações Religiosas"
"8809";"Acidente de Trabalho"
"8810";"Salário por Acúmulo de Cargo / Função"
"8812";"Salário Maternidade"
"8816";"Salário Substituição"
"8817";"Gratificação por Tempo de Serviço"
"8818";"Gratificação de Função"
"8820";"Décimo Terceiro Salário Proporcional"
"8821";"Férias Proporcionais "
"8822";"Indenização Adicional"
"8823";"Saldo de Salário"
"8824";"Indenização do artigo 478 da CLT"
"8829";"Competência "
"8838";"Imunidade de Jurisdição"
"8843";"Assistência Judiciária Gratuita"
"8859";"Intervenção de Terceiros "
"8865";"Litigância de Má-Fé"
"8866";"Litisconsórcio e Assistência"
"8867";"Substituição Processual"
"8868";"Procuração / Mandato"
"8873";"Representação em Juízo"
"8875";"Ministério Público"
"8888";"Dos Auxiliares da Justiça"
"8919";"Nulidade"
"8928";"Prazo"
"8934";"Valor da Causa"
"8939";"Suspensão do Processo"
"8941";"Modificação ou Alteração do Pedido"
"8942";"Extinção do Processo Sem Resolução de Mérito"
"8961";"Antecipação de Tutela / Tutela Específica"
"8986";"Erro de Procedimento"
"9024";"Revelia "
"9026";"Vícios Formais da Sentença"
"9047";"Efeitos"
"9050";"Preparo / Deserção"
"9051";"Desconfiguração de Justa Causa"
"9060";"Tempestividade"
"9098";"Cabimento"
"9160";"Levantamento de Valor"
"9163";"Constrição / Penhora / Avaliação / Indisponibilidade de Bens"
"9166";"Multa de 10%"
"9178";"Nulidade / Inexigibilidade do Título"
"9180";"Expropriação de Bens"
"9189";"Remição"
"9196";"Liminar "
"9258";"Honorários Periciais"
"9414";"Extinção da Execução"
"9418";"Concurso de Credores"
"9419";"Execução Previdenciária"
"9450";"Fraude à Execução"
"9453";"Imunidade de Execução"
"9484";"Sucessão"
"9493";"Capacidade Processual"
"9494";"Substituição da Parte"
"9517";"Causas Supervenientes à Sentença"
"9518";"Efeito Suspensivo / Impugnação / Embargos à Execução"
"9519";"Benefício de Ordem"
"9520";"Ato Atentatório à Dignidade da Justiça"
"9524";"Indenização do Prejuízo"
"9532";"Caução / Contracautela"
"9533";"Coligação"
"9534";"Transformação"
"9535";"Incorporação"
"9536";"Fusão"
"9537";"Cisão"
"9538";"Liquidação"
"9539";"Alteração de capital"
"9541";"Capacidade"
"9542";"Curadoria dos bens do ausente"
"9543";"Sucessão Provisória"
"9546";"Exclusão de associado"
"9547";"Fiscalização"
"9550";"Fusão"
"9551";"Eleições - Diretórios"
"9556";"Convolação de recuperação judicial em falência"
"9558";"Administração judicial"
"9559";"Classificação de créditos"
"9575";"Sustação de Protesto"
"9581";"Agêncie e Distribuição"
"9582";"Alienação Fiduciária"
"9583";"Arrendamento Rural"
"9584";"Arrendamento Mercantil"
"9585";"Cartão de Crédito"
"9586";"Comissão"
"9587";"Compra e Venda"
"9588";"Corretagem"
"9589";"Depósito"
"9590";"Doação"
"9591";"Empreitada"
"9592";"Fiança"
"9594";"Mandato"
"9595";"Troca ou Permuta"
"9596";"Prestação de Serviços"
"9597";"Seguro"
"9598";"Transação"
"9599";"Transporte de Coisas"
"9600";"Transporte de Pessoas"
"9601";"Estimatório"
"9602";"Comodato"
"9603";"Mútuo"
"9604";"Constituição de Renda"
"9606";"Compromisso"
"9607";"Contratos Bancários"
"9608";"Franquia"
"9609";"Locação de Móvel"
"9610";"Despejo para Uso Próprio"
"9611";"Despejo para Uso de Ascendentes e Descendentes"
"9612";"Despejo por Denúncia Vazia"
"9614";"Benfeitorias"
"9615";"Direito de Preferência"
"9618";"Conta de Participação"
"9619";"Simples"
"9620";"Nome Coletivo"
"9621";"Comandita Simples"
"9622";"Limitada"
"9623";"Anônima"
"9624";"Comandita por Ações"
"9625";"Cooperativa"
"9626";"Coligadas"
"9627";"Dependente de Autorização"
"9636";"Homicídio Simples"
"9637";"Homicídio Privilegiado"
"9638";"Homicídio Qualificado"
"9640";"Infanticídio"
"9642";"Leve"
"9643";"Seguida de Morte"
"9644";"Grave"
"9645";"Gravíssima"
"9646";"Privilegiada"
"9647";"Decorrente de Violência Doméstica"
"9650";"Perigo para a vida ou saúde de outrem (art. 132)"
"9651";"Abandono de incapaz (art. 133)"
"9652";"Omissão de socorro (art. 135)"
"9653";"Rixa (art. 137)"
"9656";"Calúnia"
"9657";"Difamação"
"9658";"Injúria"
"9660";"Constrangimento ilegal (art. 146)"
"9661";"Ameaça (art. 147)"
"9662";"Seqüestro e cárcere privado (art. 148)"
"9663";"Redução a condição análoga à de escravo (art. 149)"
"9665";"Violação de domicílio (art. 150)"
"9675";"Furto (art. 155)"
"9676";"Furto Qualificado (Art. 155, § 4o.)"
"9677";"Furto de coisa comum (art. 156)"
"9678";"Roubo (art. 157)"
"9679";"Extorsão (art. 158)"
"9680";"Extorsão mediante seqüestro (art. 159)"
"9682";"Alteração de limites (art. 161, caput)"
"9684";"Esbulho possessório (art. 161, § 1º, II)"
"9685";"Dano (art. 163)"
"9686";"Introdução ou abandono de animais em propriedade alheia (art. 164)"
"9688";"Alteração de local especialmente protegido (art. 166)"
"9689";"Apropriação indébita Previdenciária (art. 168-A e Lei 8.212/91)"
"9690";"Estelionato"
"9691";"Estelionato Majorado (art. 171, § 3º)"
"9692";"Outras fraudes"
"9694";"Receptação"
"9695";"Apropriação indébita (art. 168, caput)"
"9696";"Apropriação de Coisa Havida por Erro, Caso Fortuito ou Força da Natureza (art.169)"
"9697";"Furto Privilegiado"
"9698";"Furto de Veículo Automotor a ser Transportado para outro Estado ou Exterior"
"9699";"Roubo Majorado"
"9700";"Latrocínio"
"9702";"Extorsão mediante Sequestro Seguida de Lesão Corporal Grave"
"9704";"Dano Qualificado"
"9705";"Apropriação de Tesouro"
"9706";"Apropriação de Coisa Achada"
"9707";"Disposição de coisa alheia como própria"
"9708";"Alienação ou Oneração Fraudulenta de Coisa Própria"
"9714";"Abuso de Incapazes"
"9718";"""Emissão Irregular de Conhecimento de Depósito ou """"Warrant"""""""
"9719";"Receptação Qualificada"
"9721";"Violação de direito autoral"
"9724";"Atentado contra a liberdade de contrato de trabalho e boicotagem violenta (art. 198)"
"9726";"Paralisação de trabalho, seguida de violência ou perturbação da ordem (art. 200)"
"9728";"Invasão de estabelecimento industrial, comercial ou agrícola. Sabotagem (art. 202)"
"9729";"Frustração de direitos assegurados por lei trabalhista (art. 203)"
"9730";"Exercício de atividade com infração de decisão administrativa (art. 205)"
"9732";"Aliciamento de trabalhadores de um local para outro do território nacional (art. 207)"
"9735";"Destruição / Subração / Ocultação de Cadáver"
"9736";"Impedimento ou Perturbação de Cerimônia Funerária (Art. 209)"
"9739";"Ultraje / Impedimento ou Perturbação de Culto Religioso"
"9742";"Estupro "
"9743";"Atentado Violento ao Pudor"
"9744";"Atentado ao Pudor Mediante Fraude"
"9745";"Corrupção de Menores"
"9746";"Ultraje Público ao Pudor (Ato/Escrito Obsceno)"
"9747";"Mediação para Servir a Lascívia de Outrem "
"9749";"Assédio Sexual"
"9750";"Favorecimento da Prostituição"
"9751";"Casa de Prostituição"
"9754";"Tráfico Interno de Pessoas"
"9757";"Abandono Material"
"9758";"Abandono Intelectual"
"9759";"Entrega de Filho Menor a Pessoa Inidônea"
"9761";"Bigamia"
"9762";"Conhecimento Prévio de Impedimento"
"9764";"Simulação de Casamento"
"9765";"Simulação de Autoridade para Celebração de Casamento"
"9767";"Parto Suposto (Art. 242)"
"9768";"Registro de Nascimento Inexistente (Art. 241)"
"9769";"Sonegação do Estado de Filiação (Art. 243)"
"9771";"Induzimento a Fuga, Entrega Arbitrária ou Sonegação de Incapazes (Art. 248)"
"9772";"Subtração de Incapazes (Art. 249)"
"9774";"Incêndio"
"9776";"Uso de gás tóxico ou asfixiante "
"9780";"Difusão de doença ou praga (art. 259)"
"9782";"Atentado contra a segurança de transporte público"
"9783";"Arremesso de projétil"
"9784";"Atentado contra a segurança de serviços de utilidade pública (art. 265)"
"9785";"Interrupção /perturbação de serviços telegráficos/telefônicos (art. 266)"
"9787";"Emprego de Processo Proibido/Substância não permitida"
"9795";"Falsificação / Corrupção / Adulteração / Alteração de Substância ou Produtos Alimentícios"
"9796";"Infração de Medida Sanitária Preventiva (Art. 268)"
"9797";"Omissão de Notificação de Doença (Art. 269)"
"9798";"Outras Substâncias Nocivas a Saúde Pública (Art. 278)"
"9800";"Fabrico / Fornecimento / Aquisição / Posse ou Transporte de Explosivos ou Gás Tóxico ou Asfixiante"
"9801";"Venda de Produtos ou Substância nas Condições dos Artigos 274 e 275 "
"9802";"Medicamento em Desacordo com Receita Médica"
"9804";"Quadrilha ou Bando (art. 288)"
"9805";"Incitação ao Crime"
"9806";"Apologia de Crime ou Criminoso"
"9808";"Moeda Falsa / Assimilados"
"9813";"Falsificação de documento público"
"9814";"Falsificação de documento particular (art. 298)"
"9815";"Falsidade ideológica (art. 299)"
"9817";"Certidão ou atestado ideologicamente falso (art. 301, caput)"
"9820";"Reprodução ou adulteração de selo ou peça filatélica (art. 303)"
"9821";"Uso de documento falso (art. 304)"
"9827";"Adulteração de Sinal Identificador de Veículo Automotor"
"9831";"Extravio, sonegação ou inutilização de livro ou documento (art. 314)"
"9832";"Emprego irregular de verbas ou rendas públicas (art. 315)"
"9835";"Corrupção passiva (art. 317)"
"9837";"Prevaricação"
"9840";"Violência arbitrária (art. 322)"
"9841";"Abandono de função (art. 323)"
"9842";"Exercício funcional ilegalmente antecipado ou prolongado (art. 324)"
"9844";"Violação do sigilo de proposta de concorrência (art. 326)"
"9846";"Modificação ou alteração não autorizada de sistema de informações (art. 313-B)"
"9849";"Contra Patente de Invenção"
"9855";"de Responsabilidade"
"9856";"Contra a Economia Popular"
"9857";"de Abuso de Autoridade"
"9859";"Tráfico de Drogas e Condutas Afins"
"9860";"Posse de Drogas para Consumo Pessoal"
"9861";"Fabricação de Objeto Destinado a Produção de Drogas e Condutas Afins "
"9862";"Indução, Instigação ou Auxílio ao Uso de Drogas"
"9863";"Oferecimento de Drogas para Consumo Conjunto"
"9864";"Associação para a Produção e Tráfico e Condutas Afins"
"9865";"Financiamento ou Custeio de Produção ou Tráfico de Drogas"
"9866";"Colaboração com Grupo, Organização ou Associação Destinados à Produção ou Tráfico de Drogas "
"9867";"Prescrição Culposa de Drogas"
"9868";"Condução de Embarcação ou Aeronave sob Efeito de Drogas"
"9869";"Responsabilidade Criminal por Danos Nucleares"
"9876";"Contra as Relações de Consumo"
"9877";"Representação caluniosa"
"9879";"Contra a Fauna"
"9880";"Contra a Flora"
"9881";"Da Poluição"
"9884";"Caça (Lei nº 5.197/67)"
"9887";"Pesca (Lei nº 5.197/67, Lei nº 7.643/87, Lei 7.679/88, DL 221/67)"
"9888";"""De """"Lavagem"""" ou Ocultação de Bens, Direitos ou Valores"""
"9889";"Contra as Telecomunicações"
"9890";"Previstos na Lei de Estrangeiros"
"9891";"De Tortura"
"9892";"De Trânsito"
"9893";"Do Sistema Nacional de Armas"
"9894";"De Imprensa"
"9895";"Estatuto da criança e do adolescente"
"9898";"Sigilo Telefônico"
"9899";"Da Lei de licitações"
"9900";"Da Lei de remoção de órgãos e tecidos"
"9901";"Praticados contra os índios e a cultura indígena"
"9903";"Recusa, retardamento ou omissão de dados técnicos indispensáveis à propositura de Ação Civil Pública"
"9904";"Agrários"
"9906";"Eleitorais"
"9908";"Do Código Brasileiro de Telecomunicações"
"9909";"Estatuto do Idoso"
"9911";"Falimentares"
"9913";"Contra a Administração da Justiça - Lei da Ação de Alimentos "
"9914";"Contravenções Penais"
"9915";"Análogo a Crime Tentado"
"9916";"Análogo a Crime Culposo"
"9919";"Resistência (art. 329)"
"9920";"Tráfico de influência (art. 332)"
"9921";"Corrupção ativa (art. 333)"
"9924";"Subtração ou inutilização de livro ou documento (art. 337, caput)"
"9925";"Desobediência (art. 330)"
"9926";"Desacato (art. 331)"
"9930";"Corrupção Ativa em Transação Comercial Internacional"
"9931";"Tráfico de Influência em Transação Comercial Internacional"
"9934";"Denunciação caluniosa"
"9935";"Comunicação falsa de crime ou de contravenção"
"9937";"Falso testemunho ou falsa perícia"
"9939";"Exercício arbitrário das próprias razões"
"9941";"Favorecimento pessoal"
"9942";"Favorecimento real"
"9943";"Exercício arbitrário ou abuso de poder"
"9944";"Fuga de pessoa presa ou submetida a medida de segurança"
"9946";"Arrebatamento de preso"
"9947";"Motim de presos"
"9948";"Patrocínio infiel"
"9952";"Violência ou fraude em arrematação judicial"
"9953";"Desobediência a decisão judicial sobre perda ou suspensão de direitos"
"9957";"Inscrição de Despesas Não Empenhadas"
"9958";"Assunção de Obrigação no Último Ano do Mandato ou Legislatura"
"9959";"Ordenação de Despesa Não Autorizada"
"9961";"Não Cancelamento de Restos a Pagar"
"9965";"Abandono Material"
"9966";"Abandono Intelectual"
"9967";"Maus Tratos"
"9968";"Abuso Sexual"
"9969";"Exploração do Trabalho Infantil"
"9970";"Pobreza"
"9971";"Uso ou Tráfico de Drogas"
"9973";"Adoção Nacional"
"9974";"Adoção de Criança"
"9975";"Adoção de Adolescente"
"9977";"Entrada e Permanência de Menores"
"9978";"Viagem ao Exterior"
"9979";"Trabalho do adolescente"
"9984";"Em comum / De fato"
"9990";"Intervenção em Estado / Município"
"9994";"Indenização por Dano Ambiental"
"9995";"Erro Médico"
"9996";"Acidente de Trânsito"
"9999";"Declaração de Bagagem"
"10000";"Declaração de Trânsito Aduaneiro"
"10001";"Comercialização sem Restrições de Produtos Industrializados"
"10002";"Comercialização sem Restrições de Gêneros Alimentícios"
"10003";"Comercialização e/ou Utilização sem Restrições de Medicamentos"
"10004";"Funcionamento de Comércio de Derivados de Petróleo"
"10005";"Registro de Empresa"
"10006";"Funcionamento de Estabelecimentos Empresariais"
"10009";"Inquérito / Processo / Recurso Administrativo"
"10010";"Ato Lesivo ao Patrimônio Artístico, Estético, Histórico ou Turístico"
"10012";"Dano ao Erário"
"10013";"Enriquecimento ilícito"
"10014";"Violação aos Princípios Administrativos"
"10016";"Inspeção Fitossanitária"
"10018";"Inspeção Sanitária de Origem Animal"
"10023";"Multas e demais Sanções"
"10024";"Interdição"
"10025";"Apreensão"
"10029";"Ensino Superior"
"10051";"Ensino Fundamental e Médio"
"10053";"Matrícula"
"10056";"Penalidades Disciplinares"
"10058";"Ensino Especial"
"10059";"Exame Supletivo"
"10061";"Transporte"
"10062";"Educação Pré-escolar"
"10063";"Educação Profissionalizante"
"10065";"Repasse de Verbas do SUS"
"10067";"Convênio Médico com o SUS"
"10070";"Ressarcimento ao SUS"
"10074";"Fornecimento de Gás"
"10075";"Energia Elétrica"
"10076";"Transporte Terrestre"
"10080";"Telefonia"
"10081";"Transporte Aquaviário"
"10083";"Tabelionatos, Registros, Cartórios"
"10085";"Água e/ou Esgoto"
"10086";"Recolhimento e Tratamento de Lixo"
"10090";"Locação / Permissão / Concessão / Autorização / Cessão de Uso"
"10092";"Taxa de Ocupação"
"10094";"Terras Devolutas"
"10095";"Águas Públicas"
"10096";"Bloqueio de Valores de Contas Públicas"
"10106";"Recursos Minerais"
"10108";"Patrimônio Histórico / Tombamento"
"10109";"Ordenação da Cidade / Plano Diretor"
"10111";"Revogação/Concessão de Licença Ambiental"
"10112";"Revogação/Anulação de multa ambiental"
"10113";"Flora"
"10114";"Fauna"
"10115";"Transgênicos"
"10116";"Agrotóxicos"
"10118";"Unidade de Conservação da Natureza"
"10121";"Desapropriação"
"10122";"Desapropriação por Utilidade Pública / DL 3.365/1941"
"10123";"Desapropriação por Interesse Social Comum / L 4.132/1962"
"10125";"Desapropriação Indireta"
"10126";"Retrocessão"
"10127";"Vistoria"
"10128";"Servidão Administrativa"
"10129";"Ocupação Temporária"
"10130";"Limitação Administrativa"
"10131";"Privatização"
"10132";"Restituição de área"
"10134";"Desapropriação de Imóvel Urbano"
"10135";"Requisição de Bem Particular"
"10183";"Apólices da Dívida Pública"
"10184";"Títulos da Dívida Pública"
"10188";"Remuneração"
"10189";"Afastamento"
"10190";"Processo Disciplinar / Sindicância"
"10191";"Aposentadoria"
"10192";"Promoção"
"10196";"Afastamento"
"10197";"Processo Disciplinar / Sindicância"
"10198";"Aposentadoria"
"10199";"Promoção"
"10202";"Afastamento do Cargo"
"10203";"Remuneração"
"10204";"Recondução"
"10205";"Prestação de Contas"
"10206";"Indisponibilidade de Bens"
"10209";"Remuneração"
"10210";"Recondução"
"10211";"Prestação de Contas"
"10212";"Indisponibilidade de Bens"
"10215";"Afastamento do Cargo"
"10217";"Prestação de Contas"
"10221";"Isonomia/Equivalência Salarial"
"10222";"Estabilidade"
"10223";"Enquadramento"
"10224";"Recondução"
"10225";"Acumulação de Cargos"
"10226";"Reintegração"
"10227";"Direito de Greve"
"10228";"Transferência"
"10229";"Remoção"
"10230";"Regime Previdenciário"
"10231";"Anistia Administrativa"
"10232";"Reversão"
"10233";"Redistribuição"
"10234";"Disponibilidade / Aproveitamento"
"10235";"Lotação"
"10236";"Promoção / Ascensão"
"10237";"Readaptação"
"10238";"Estágio Probatório"
"10239";"Nomeação"
"10240";"Posse e Exercício"
"10241";"Exoneração"
"10243";"Complementação de Benefício/Ferroviário"
"10244";"Assistência à Saúde"
"10245";"Assistência Pré-escolar"
"10246";"Auxílio-Natalidade"
"10248";"Auxílio-Funeral"
"10249";"Salário-Família"
"10251";"Provisória"
"10252";"Concessão"
"10253";"Restabelecimento"
"10255";"Invalidez Permanente"
"10256";"Compulsória"
"10257";"Voluntária"
"10259";"Dirigente Sindical"
"10260";"Licença Capacitação (Aperfeiçoamento Profissional)"
"10261";"Licença-Prêmio"
"10262";"Doença em Pessoa da Família"
"10263";"Tratamento da Própria Saúde"
"10264";"Gestante / Adotante / Paternidade"
"10265";"Interesse Particular"
"10266";"Serviço Militar"
"10267";"Atividade Política"
"10268";"Casamento"
"10269";"Luto"
"10270";"Amamentação"
"10272";"Alistamento / Serviço Eleitoral"
"10273";"Acompanhamento de Cônjuge ou Companheiro"
"10274";"Exercício em Outro Município"
"10275";"Licença por Acidente em Serviço"
"10277";"Averbação / Contagem de Tempo Especial"
"10278";"Averbação / Contagem Recíproca"
"10280";"Demissão ou Exoneração"
"10281";"Advertência"
"10282";"Suspensão"
"10283";"Responsabilidade Civil do Servidor Público / Indenização ao Erário"
"10287";"Jornada de Trabalho"
"10289";"Gratificações da Lei 8.112/1990"
"10290";"Gratificação de Incentivo"
"10291";"Adicional de Insalubridade"
"10292";"Adicional de Periculosidade"
"10293";"Adicional de Fronteira"
"10294";"Abono Pecuniário (Art. 78 Lei 8.112/1990)"
"10295";"Gratificação Incorporada / Quintos e Décimos / VPNI"
"10296";"Descontos Indevidos"
"10297";"Teto Salarial"
"10298";"Diárias e Outras Indenizações"
"10299";"Plano de Classificação de Cargos"
"10300";"Data Base"
"10301";"Férias"
"10302";"Adicional por Tempo de Serviço"
"10303";"Adicional de Horas Extras"
"10304";"Auxílio-Alimentação"
"10305";"Gratificações de Atividade"
"10306";"Auxílio-transporte"
"10307";"Revisão Geral Anual (Mora do Executivo - inciso X, art. 37, CF 1988)"
"10308";"Adicional de Serviço Noturno"
"10309";"Adicional de Produtividade"
"10310";"Gratificação Natalina/13º salário"
"10311";"Irredutibilidade de Vencimentos"
"10312";"Piso Salarial"
"10318";"Índice da URV Lei 8.880/1994"
"10323";"Inclusão de Dependente"
"10326";"Ingresso e Concurso"
"10327";"Curso de Formação"
"10328";"Reintegração"
"10329";"Estabilidade"
"10331";"Adidos, Agregados e Adjuntos"
"10334";"Promoção"
"10336";"Corpo Feminino"
"10338";"Gratificações e Adicionais"
"10339";"Férias"
"10340";"Indenizações Regulares"
"10341";"Isonomia"
"10342";"Reajuste de Remuneração, Soldo, Proventos ou Pensão"
"10349";"Reforma"
"10350";"Licenças"
"10351";"Agregação"
"10352";"Reserva Remunerada"
"10353";"Transferência ex-officio para reserva"
"10354";"Tempo de Serviço"
"10356";"Assistência Médico-Hospitalar"
"10357";"Licença Prêmio"
"10358";"Licenciamento"
"10360";"Concessão"
"10361";"Restabelecimento"
"10364";"Advertência / Repreensão"
"10365";"Impedimento / Detenção / Prisão"
"10366";"Licenciamento / Exclusão"
"10367";"Suspensão"
"10371";"Reserva de Vagas para Deficientes"
"10372";"Inscrição / Documentação"
"10373";"Limite de Idade"
"10375";"Prova de Títulos"
"10376";"Exame de Saúde e/ou Aptidão Física"
"10377";"Curso de Formação"
"10378";"Exame Psicotécnico / Psiquiátrico"
"10379";"Anulação e Correção de Provas / Questões"
"10380";"Escolaridade"
"10381";"Classificação e/ou Preterição"
"10382";"Anulação"
"10383";"Prazo de Validade"
"10384";"Condições Especiais para Prestação de Prova"
"10386";"Modalidade / Limite / Dispensa / Inexigibilidade"
"10387";"Habilitação / Registro Cadastral / Julgamento / Homologação"
"10388";"Edital"
"10389";"Revogação"
"10390";"Sanções Administrativas"
"10391";"Recursos Administrativos"
"10392";"Convênio"
"10393";"Adjudicação"
"10396";"Ambiental"
"10397";"Sanitárias"
"10401";"Taxa de Ocupação / Laudêmio / Foro"
"10402";"Cessão de créditos não-tributários"
"10410";"Contrato Temporário de Mão de Obra L 8.745/1993"
"10411";"Admissão / Permanência / Despedida"
"10413";"Quebra de Sigilo Bancário / Fiscal / Telefônico"
"10414";"Criação / Instalação / Prosseguimento / Encerramento"
"10418";"CNH - Carteira Nacional de Habilitação"
"10419";"Liberação de Veículo Apreendido"
"10420";"Licenciamento de Veículo"
"10422";"Pagamento Atrasado / Correção Monetária"
"10423";"Anulação"
"10424";"Suspensão"
"10425";"Rescisão"
"10426";"Prorrogação"
"10427";"Termo Aditivo"
"10428";"Penalidades"
"10429";"Execução Contratual"
"10430";"Equilíbrio Financeiro"
"10434";"Erro Médico"
"10435";"Acidente de Trânsito"
"10436";"Lei de Imprensa"
"10437";"Direito de Imagem"
"10438";"Dano Ambiental"
"10440";"Erro Médico"
"10441";"Acidente de Trânsito"
"10442";"Lei de Imprensa"
"10443";"Direito de Imagem"
"10445";"Esbulho / Turbação / Ameaça"
"10446";"Imissão"
"10447";"Aquisição"
"10449";"Perda da Propriedade"
"10450";"Adjudicação Compulsória"
"10451";"Divisão e Demarcação"
"10452";"Reivindicação"
"10453";"Retificação de Área de Imóvel"
"10454";"Alienação Judicial"
"10456";"Acessão"
"10457";"Usucapião Especial (Constitucional)"
"10458";"Usucapião Extraordinária"
"10459";"Usucapião Ordinária"
"10460";"Usucapião Especial Coletiva"
"10461";"Direito de Vizinhança"
"10462";"Condomínio"
"10464";"Administração"
"10465";"Alteração de Coisa Comum"
"10466";"Assembléia"
"10467";"Despesas Condominiais"
"10468";"Direitos / Deveres do Condômino"
"10469";"Vaga de garagem"
"10470";"Incorporação Imobiliária"
"10480";"Propriedade Resolúvel"
"10481";"Propriedade Fiduciária"
"10482";"Enfiteuse"
"10483";"Servidão"
"10484";"Usufruto"
"10485";"Superfície"
"10486";"Uso"
"10487";"Habitação"
"10489";"Rural - Agrícola/Pecuário"
"10490";"Industrial / Mercantil"
"10491";"Direitos e Títulos de Crédito"
"10492";"Veículos"
"10493";"Legal"
"10494";"Hipoteca"
"10495";"Anticrese"
"10496";"Promessa de Compra e Venda"
"10497";"Subsídios"
"10500";"Usucapião da L 6.969/1981"
"10501";"Crédito Rural"
"10503";"Erro Médico"
"10504";"Acidente de Trânsito"
"10505";"Variação Cambial"
"10508";"Maus Tratos"
"10509";"Exposição ou Abandono de Recém Nascido"
"10527";"Livros / Jornais / Periódicos"
"10528";"Entidades Sem Fins Lucrativos"
"10529";"Partidos Políticos"
"10530";"Imunidade Recíproca"
"10531";"ICMS / Incidência Sobre o Ativo Fixo"
"10534";"Taxa de Limpeza Pública"
"10535";"Taxa de Iluminação Pública"
"10536";"Taxa de Coleta de Lixo"
"10537";"Taxa de Prevenção e Combate a Incêndio"
"10538";"Taxa de Licenciamento de Estabelecimento"
"10539";"Capacidade Tributária"
"10540";"Competência Tributária"
"10543";"Depósito Judicial"
"10544";"Constitucionalidade do artigo 4º da LC 118/05"
"10548";"Decretação de Ofício"
"10549";"Arquivamento Administrativo - Crédito de Pequeno Valor"
"10550";"Despacho de Citação"
"10551";"Constitucionalidade do artigo 45 da Lei 8212/91"
"10556";"Exclusão - ICMS"
"10557";"Exclusão - IPI"
"10558";"Exclusão - Receitas Provenientes de Exportação"
"10560";"Quebra de Sigilo Bancário"
"10561";"PIS - Importação"
"10562";"COFINS - Importação"
"10563";"Compensação de Prejuízo"
"10565";"Contribuição Sindical Rural"
"10567";"Aposentadoria por Invalidez Acidentária"
"10573";"Prisão Civil"
"10582";"Rescisão / Resolução"
"10585";"Capitalização / Anatocismo"
"10586";"Limitação de Juros"
"10588";"Vícios de Construção"
"10590";"Resgate de Contribuição"
"10592";"Desconto em folha de pagamento"
"10595";"Multa"
"10598";"Cobrança indevida de ligações "
"10600";"Impedimento"
"10601";"Suspeição"
"10606";"Cerceamento de Defesa"
"10607";"Quebra do Sigilo Bancário"
"10608";"Quebra do Sigilo Fiscal"
"10609";"Quebra do Sigilo Telefônico"
"10610";"Trancamento"
"10631";"Desaforamento"
"10636";"Livramento condicional"
"10637";"Remição"
"10638";"Acumulação de Proventos"
"10640";"Prisão Decorrente de Sentença Condenatória"
"10646";"Inconstitucionalidade Material"
"10651";"Competência dos Juizados Especiais"
"10654";"Competência da Justiça Estadual"
"10655";"Honorários Advocatícios"
"10656";"Honorários Advocatícios em Execução Contra a Fazenda Pública"
"10658";"Custas"
"10659";"Suspeição"
"10662";"Abono de Permanência"
"10666";"Regularidade Formal"
"10667";"Gratificações Estaduais Específicas"
"10671";"Obrigação de Fazer / Não Fazer"
"10673";"Requisição de Pequeno Valor - RPV"
"10676";"Imissão na Posse"
"10677";"Busca e Apreensão"
"10678";"Sequestro de Verbas Públicas"
"10679";"Fracionamento"
"10680";"Crédito Complementar"
"10681";"Aposentadoria / Pensão Especial"
"10683";"Exceção de Pré-executividade"
"10684";"Juros"
"10685";"Correção Monetária"
"10686";"Multa Cominatória / Astreintes"
"10687";"Taxa SELIC"
"10690";"IPMF - Imposto Provisório sobre Movimentação Financeira"
"10691";"Questão Prejudicial"
"10706";"Gratificações Municipais Específicas"
"10732";"Verba de Representação"
"10737";"Adequação da Ação / Procedimento"
"10860";"Depositário Infiel"
"10863";"Legitimidade para propositura de Ação Civil Pública"
"10864";"Crimes Hediondos"
"10865";"Cerceamento de Defesa"
"10866";"Ausência de Publicidade"
"10867";"Ausência de Fundamentação"
"10880";"Execução Provisória"
"10891";"Habeas Corpus - Cabimento"
"10894";"Abuso de Poder"
"10897";"Competência dos Juizados Especiais"
"10898";"Competência da Justiça Federal"
"10899";"Competência da Justiça Estadual"
"10900";"Competência por Prerrogativa de Função"
"10901";"Competência por Prerrogativa de Função"
"10902";"Excesso de prazo para instrução / julgamento"
"10904";"Prisão Domiciliar / Especial"
"10906";"Regressão de Regime"
"10907";"Transferência de Preso"
"10908";"Execução Penal Provisória - Cabimento"
"10909";"Imunidade em razão de função, ofício ou profissão"
"10910";"Transferência de Unidade"
"10913";"Indisponibilidade / Seqüestro de Bens"
"10914";"Busca e Apreensão de Bens"
"10917";"Aborto provocado pela gestante ou com o seu consentimento"
"10918";"Aborto provocado por terceiro"
"10919";"Aborto qualificado"
"10925";"Provas"
"10926";"Prova Ilícita"
"10928";"Competência do Órgão Fiscalizador"
"10931";"Criação"
"10932";"Desmembramento"
"10935";"Desclassificação"
"10936";"Guarda com genitor ou responsável no exterior"
"10938";"Citação"
"10939";"Intimação / Notificação"
"10940";"depoimento"
"10941";"Viagem Nacional"
"10945";"Expurgos Inflacionários / Planos Econômicos"
"10948";"Violência Doméstica contra a Mulher"
"10949";"Violência Doméstica Contra a Mulher"
"10950";"Crime / Contravenção contra Criança / Adolescente"
"10951";"Crime / Contravenção contra Idoso"
"10952";"Fato Atípico"
"10956";"Repasse de Duodécimos"
"10957";"Repasse de Verbas Públicas"
"10958";"Crédito Suplementar"
"10982";"""Lavagem"" ou Ocultação de Bens, Direitos ou Valores Oriundos de Corrupção"
"10983";"Lavagem ou Ocultação de Bens, Direitos ou Valores Oriundos de Corrupção"
"10999";"Conversão em Agravo Retido"
"11000";"Cobrança de Aluguéis - Sem despejo"
"11048";"Competência da Justiça Militar dos Estados"
"11054";"Menagem"
"11056";"Competência da Justiça Militar Estadual"
"11058";"Cassação de licença para direção de veículo motorizado"
"11062";"Proibição de frequentar determinados locais"
"11063";"Suspensão do exercício do posto, graduação, cargo ou função"
"11065";"Requerimento da Parte"
"11069";"Crime Culposo"
"11071";"Crime Tentado"
"11087";"Suspensão Condicional da Pena"
"11089";"Abolitio criminis"
"11092";"Inabilitação para o exercício de Função Pública"
"11098";"Suspensão do pátrio poder, tutela ou curatela"
"11100";"Anistia"
"11104";"Reabilitação"
"11105";"Ressarcimento do Dano"
"11106";"Estado de Necessidade"
"11108";"Estrito Cumprimento do Dever Legal"
"11112";"Perda em favor da Fazenda Pública"
"11113";"Reparação do Dano"
"11127";"Deserção"
"11135";"Abandono de posto"
"11136";"Descumprimento de missão"
"11138";"Embriaguez em serviço"
"11139";"Omissão de eficiência da força"
"11140";"Omissão de providências para evitar danos"
"11143";"Retenção indevida"
"11155";"Chantagem"
"11156";"Extorsão "
"11157";"Extorsão indireta"
"11159";"Latrocínio"
"11160";"Roubo"
"11161";"Roubo qualificado"
"11162";"Receptação"
"11163";"Furto "
"11165";"Furto qualificado"
"11166";"Abuso de pessoa"
"11167";"Estelionato"
"11169";"Dano em aparelhos e instalações "
"11171";"Dano material ou aparelhamento de guerra"
"11172";"Dano qualificado"
"11173";"Dano simples"
"11174";"Desaparecimento,consunção ou extravio"
"11177";"Apropriação indébita"
"11184";"Embriaguez ao volante"
"11192";"Perigo resultante de violação de regra de trânsito"
"11207";"Tráfico, posse ou uso de entorpecente ou substância de efeito similar"
"11231";"Ato obsceno"
"11233";"Abandono de pessoa"
"11234";"Abandono de pessoa seguida de morte ou lesão grave"
"11235";"Maus tratos"
"11237";"Lesão grave"
"11238";"Lesão leve"
"11239";"Lesão levíssima"
"11240";"Lesão privilegiada"
"11241";"Lesão seguida de morte"
"11243";"Homicídio"
"11244";"Homicidio qualificado"
"11245";"Homicido privilegiado"
"11249";"Atentado violento ao pudor"
"11250";"Corrupção de menores"
"11251";"Estupro"
"11253";"Ameaça"
"11254";"Constragimento ilegal"
"11257";"Sequestro ou cárcere privado"
"11259";"Violação de domicílio"
"11262";"Calúnia"
"11263";"Difamação"
"11264";"Injúria"
"11265";"Injuria real"
"11275";"Violência contra militar de serviço"
"11276";"Violência contra superior"
"11277";"Abuso de requisição militar"
"11279";"Conservação ilegal de comando"
"11282";"Ordem arbitrária de invasão"
"11283";"Rigor excessivo"
"11286";"Violência contra inferior"
"11287";"Resistência mediante ameaça ou violência"
"11289";"Motim"
"11294";"Publicação ou crítica indevida"
"11295";"Recusa a obediência"
"11299";"Evasão de preso ou internado"
"11300";"Fuga de preso ou internado"
"11301";"Aliciação para motim ou revolta"
"11303";"Incitamento"
"11304";"Despojamento desprezível"
"11305";"Desrespeito a comandante, oficial-general ou oficial de serviço"
"11306";"Desrespeito a símbolo nacional"
"11307";"Desrespeito a superior "
"11315";"Peculato"
"11317";"Peculato-furto"
"11321";"Falsidade ideológica"
"11322";"Falsificação de documento"
"11324";"Uso de documento falso"
"11326";"Desacato a assemelhado ou funcionário"
"11327";"Desacato a militar"
"11328";"Desacato a superior"
"11329";"Desobediência"
"11330";"Ingresso clandestino"
"11336";"Abandono de cargo"
"11337";"Abuso de confiança ou boa fé"
"11338";"Aplicação ilegal de verba ou dinheiro"
"11339";"Condescendência criminosa"
"11341";"Extravio, sonegação ou inutilização de livro ou documento"
"11342";"Inobservancia de lei, regulamento ou instrução"
"11346";"Prevaricação"
"11348";"Violação de sigilo funcional"
"11349";"Violação do dever funcional com o fim de lucro"
"11351";"Violência arbitrária"
"11352";"Corrupção ativa"
"11353";"Corrupção passiva"
"11357";"Excesso de exação"
"11358";"Auto-acusação falsa"
"11362";"Denunciação caluniosa"
"11363";"Desacato"
"11364";"Desobediência a decisão judicial"
"11365";"Desobediência a decisão sobre perda ou suspensão de atividade ou direito"
"11367";"Falso testemunho ou falsa perícia"
"11368";"Favorecimento pessoal"
"11370";"Inutilização,sonegação ou descaminho de material probante"
"11386";"Advertência"
"11387";"Internação com atividades externas"
"11388";"Internação sem atividades externas"
"11389";"Liberdade assistida"
"11390";"Obrigação de reparar o dano"
"11391";"Prestação de serviços à comunidade"
"11392";"Semiliberdade"
"11410";"Crimes contra portadores de deficiência"
"11412";"Conflito fundiário coletivo rural"
"11413";"Conflito fundiário coletivo urbano"
"11414";"Crime/contravenção decorrente de conflito fundiário coletivo"
"11416";"Violação sexual mediante fraude"
"11417";"Estupro de vulnerável"
"11418";"Satisfação de lascívia mediante presença de criança ou adolescente "
"11419";"Favorecimento da prostituição ou outra forma de exploração sexual de vulnerável "
"11420";"Favorecimento da prostituição ou outra forma de exploração sexual"
"11422";"Tráfico interno de pessoa para fim de exploração sexual"
"11456";"Estupro de Vulnerável"
"11457";"Favorecimento de Prostituição ou Outra Forma de Exploração Sexual "
"11458";"Favorecimento de Prostituição ou Outra Forma de Exploração Sexual de Vulnerável"
"11459";"Satisfação de Lascívia Mediante Presença de Criança ou Adolescente"
"11461";"Violação Sexual Mediante Fraude"
"11779";"Contra o Ordenamento Urbano e o Patrimônio Cultural"
"11780";"Crimes contra o Ordenamento Urbano e o Patrimônio Cultural"
"11782";"Intimação"
"11783";"Citação"
"11784";"Oitiva"
"11785";"Diligências"
"11786";"Atos executórios"
"11797";"Entrada de aparelho telefônico de comunicação móvel em estabelecimento prisional"
"11804";"Programas de Arrendamento Residencial PAR"
"11805";"Tabela Price"
"11806";"Empréstimo consignado"
"11807";"Tarifas"
"11808";"Capitalização e Previdência Privada"
"11810";"Dever de Informação"
"11811";"Práticas Abusivas"
"11812";"Oferta e Publicidade"
"11815";"Transporte Rodoviário"
"11816";"Infrações administrativas"
"11821";"Conselhos tutelares"
"11822";"Mineração"
"11823";"Reserva legal"
"11825";"Poluição"
"11828";"Área de Preservação Permanente"
"11831";"Controle Externo da Atividade Policial"
"11832";"Conselho do Idoso"
"11835";"Conselho de Direitos da Criança e Adolescente"
"11836";"Parcelamento do Solo"
"11839";"Posturas Municipais"
"11840";"Segurança em Edificações"
"11842";"Pessoa Idosa"
"11843";"Pessoas com deficiência"
"11846";"Moradia"
"11847";"Assistência Social"
"11848";"Alimentação"
"11851";"Terceirização do SUS"
"11852";"Financiamento do SUS"
"11853";"Vigilância Sanitária e Epidemiológica"
"11855";"Controle Social e Conselhos de Saúde"
"11856";"Hospitais e Outras Unidades de Saúde"
"11857";"Doação e Transplante de Órgãos; Tecidos e Partes do Corpo Humano"
"11858";"Recebimento de bolsa de estudos"
"11860";"Produto Impróprio"
"11861";"Combustíveis e derivados"
"11862";"Saneamento"
"11863";"Responsabilidade Fiscal"
"11864";"Irregularidade no atendimento"
"11865";"Vendas casadas"
"11867";"Produto Impróprio"
"11870";"Utilização de bens públicos"
"11884";"Fornecimento de Medicamentos"
"11885";"Unidade de terapia intensiva (UTI) ou unidade de cuidados intensivos (UCI)"
"11895";"Crimes Previstos no Estatuto do Torcedor"
"11944";"Alteração do teto máximo para o valor do benefício previdenciário do RGPS (EC 20 e 41)"
"11945";"Revisão do valor do benefício no primeiro reajuste após a concessão (Art. 21, § 3º, da Lei 8.880/1994)"
"11946";"Deficiente"
"11958";"Difusão culposa de doença ou praga"
"11959";"Receptação culposa"
"11961";"Incêndio culposo"
"11963";"Explosão culposa"
"11966";"Uso culposo de gás tóxico ou asfixiante"
"11967";"Inundação culposa"
"11974";"Cláusulas Abusivas"
"11977";"Alienação Parental"
"11979";"Violência Doméstica Contra a Mulher"
"11982";"Separação de Corpos"
"11993";"Internação Compulsória"
"11994";"Internação Voluntária"
"11995";"Internação Involuntária"
"12002";"Acolhimento Institucional"
"12003";"Inclusão em Programa de Acolhimento Familiar"
"12004";"Colocação em Família Substituta"
"12005";"Outras medidas de proteçãoa"
"100000";"Ensino Noturno"
"100001";"Frequencia a Cursos"
"100002";"Autorizações Diversas"
"100003";"Execução de Internação Provisória"
"100004";"Execução de Internação Estrita"
"100005";"Execução de Semiliberdade"
"100006";"Execução de Liberdade Assistida"
"100007";"Execução de Prestação de Serviços à Comunidade"
"100008";"Execução de Advertência"
"100009";"Execução de Reparação do Dano"
"100010";"Desligamento Intitucional"
"100011";"Unificação de Execução de MSE"
"100012";"Transferencia de Adolescente Interno"
"100013";"Encaminhamento Aos Pais"
"100014";"Orientação, Apoio e Acompanhamento Temporário"
"100015";"Matricula e Frequencia Escolar"
"100016";"Tratamento Psicológico/Psiquiatrico"
"100017";"Tratamento a Alcoolatras e Toxicomanos"
"100018";"Inclusão em Programa de Auxilio a Familia"
"100019";"Evasão Escolar Institucional"
"100023";"Encaminhamento a Programa de Proteção a Familia"
"100024";"Encaminhar o Filho a Tratamento Especializado"
"100026";"Obrigação de Matricular o Filho"
"100027";"Revestido de Violenta ou Grave Ameaça"
"100028";"Reiteração Infracional"
"100029";"Guarda Definitiva"
"100030";"Guarda Excepcional"
"100032";"Carta de fiscalização (Art. 89 da Lei 9.099/95)"
"100033";"Alimentos"
"100034";"Fraudes em Certames de Interesse Público"
"100035";"Lei de Arbitragem"
"100036";"Alimentos Gravídicos"
"100037";"Repetição de indébito"
"100038";"Repetição de indébito"
"100039";"Revogação de Liberdade Provisória"
